Item Title,Publication Title,Book Series Title,Journal Volume,Journal Issue,Item DOI,Authors,Publication Year,URL,Content Type
Integrating request replication into FaaS platforms: an experimental evaluation,Journal of Cloud Computing,,,,10.1186/s13677-023-00457-z,Yasmina BouizemDjawida DibNikos ParlavantzasChristine Morin,2023,https://link.springer.com/article/10.1186/s13677-023-00457-z,Article
Fairness as a Service (FaaS): verifiable and privacy-preserving fairness auditing of machine learning systems,International Journal of Information Security,,,,10.1007/s10207-023-00774-z,Ehsan ToreiniMaryam MehrnezhadAad van Moorsel,2023,https://link.springer.com/article/10.1007/s10207-023-00774-z,Article
Beyond Cloud: Serverless Functions in the Compute Continuum,SN Computer Science,,,,10.1007/s42979-025-03699-7,Cecilia CalavaroValeria CardelliniFrancesco Lo PrestiGabriele Russo Russo,2025,https://link.springer.com/article/10.1007/s42979-025-03699-7,Article
A sensitive determination of lead by hydride generation integrated with micro-sampling gas–liquid separator-FAAS after preconcentration by NiFe<sub>2</sub>O<sub>4</sub> nanoparticles,Scientific Reports,,,,10.1038/s41598-025-87759-1,Merve Fırat AyyıldızSüleyman BodurSezgin Bakırdere,2025,https://link.springer.com/article/10.1038/s41598-025-87759-1,Article
Secure FaaS orchestration in the fog: how far are we?,Computing,,,,10.1007/s00607-021-00924-y,Alessandro BocciStefano FortiGian-Luigi FerrariAntonio Brogi,2021,https://link.springer.com/article/10.1007/s00607-021-00924-y,Article
Latency and resource consumption analysis for serverless edge analytics,Journal of Cloud Computing,,,,10.1186/s13677-023-00485-9,Rafael Moreno-VozmedianoEduardo HuedoRubén S. MonteroIgnacio M. Llorente,2023,https://link.springer.com/article/10.1186/s13677-023-00485-9,Article
Variation analysis and quantitative trait loci mapping of 16 free amino acid traits in the tea plant (<i>Camellia sinensis</i>),BMC Plant Biology,,,,10.1186/s12870-024-06038-9,Dongyang ZhangXujiao WeiJing ZhangDong CuiPeng ZhangShengxiang ChenYao ZouWei ChenDandan TangChen LiuJinlin BianQian TangLiqiang Tan,2025,https://link.springer.com/article/10.1186/s12870-024-06038-9,Article
Advancements in toxic elements extraction for enhanced instrumental profiling,Discover Applied Sciences,,,,10.1007/s42452-025-06940-3,Suryapratap RayChitra JangidSrihari SupreetheeK. F. Gracy AnuSumit Sudhir PathakPooja ChavanRahul Vashishth,2025,https://link.springer.com/article/10.1007/s42452-025-06940-3,Article
Skyrise: Exploiting Serverless Cloud Infrastructure for Elastic Data Processing,Datenbank-Spektrum,,,,10.1007/s13222-025-00496-7,Thomas BodnerDaniel RitterMartin BoissierTilmann Rabl,2025,https://link.springer.com/article/10.1007/s13222-025-00496-7,Article
Development of BaSrTiO<sub>3</sub> nanomaterial based dispersive solid phase microextraction method for cadmium determination in thyme samples using flame atomic absorption spectrometry,Scientific Reports,,,,10.1038/s41598-025-08464-7,Selim GürsoyCaner KorkmazElif Öztürk ErSezgin Bakirdere,2025,https://link.springer.com/article/10.1038/s41598-025-08464-7,Article
Mitigating malicious denial of wallet attack using attribute reduction with deep learning approach for serverless computing on next generation applications,Scientific Reports,,,,10.1038/s41598-025-01178-w,Amal K. AlkhalifaMohammed AljebreenRakan AlanaziNazir AhmadSultan AlahmariOthman AlrusainiAli AlqazzazHassan Alkhiri,2025,https://link.springer.com/article/10.1038/s41598-025-01178-w,Article
Influences of internet access on civic knowledge measurement in Taiwan,Large-scale Assessments in Education,,,,10.1186/s40536-024-00209-8,Chi-Chen ChenChia-Wei TangKuan-Yu Jin,2024,https://link.springer.com/article/10.1186/s40536-024-00209-8,Article
Microwave-assisted synthesis of antimony oxide nanoparticles for the determination of trace cadmium in mulberry leaf tea matrices by flame atomic absorption spectrophotometry,Journal of Analytical Science and Technology,,,,10.1186/s40543-024-00469-7,Merve Nur İnceHakan SerbestSezgin Bakirdere,2024,https://link.springer.com/article/10.1186/s40543-024-00469-7,Article
<i>F</i>u<i>n</i>Da: scalable serverless data analytics and in situ query processing,Journal of Big Data,,,,10.1186/s40537-025-01141-6,Elyes LounissiSuvam Kumar DasRonnit PeterXiaozheng ZhangSuprio RayLianyin Jia,2025,https://link.springer.com/article/10.1186/s40537-025-01141-6,Article
"Comparative profiling of microbial communities and volatile organic compounds in fermented wrapper, binder, and filler cigar tobaccos",Chemical and Biological Technologies in Agriculture,,,,10.1186/s40538-024-00582-0,Mingzhu ZhangDongfeng GuoHaiqing WangGuanglong WuYaqi ShiJinlong ZhouTianfei ZhengEryong ZhaoXiaolei WuXingjiang Li,2024,https://link.springer.com/article/10.1186/s40538-024-00582-0,Article
Scheduling Hardware-Accelerated Cloud Functions,Journal of Signal Processing Systems,,,,10.1007/s11265-021-01695-7,Jessica VandebonJose G. F. CoutinhoWayne Luk,2021,https://link.springer.com/article/10.1007/s11265-021-01695-7,Article
Self-Provisioning Infrastructures for the Next Generation Serverless Computing,SN Computer Science,,,,10.1007/s42979-024-03022-w,Stefan Nastic,2024,https://link.springer.com/article/10.1007/s42979-024-03022-w,Article
Enriching computing simulators by generating realistic serverless traces,Journal of Cloud Computing,,,,10.1186/s13677-023-00397-8,Dilshad Hassan SalloGabor Kecskemeti,2023,https://link.springer.com/article/10.1186/s13677-023-00397-8,Article
"Data pipeline approaches in serverless computing: a taxonomy, review, and research trends",Journal of Big Data,,,,10.1186/s40537-024-00939-0,Zahra Shojaee RadMostafa Ghobaei-Arani,2024,https://link.springer.com/article/10.1186/s40537-024-00939-0,Article
<i>ReactiveFnJ</i>: A choreographed model for Fork-Join Workflow in Serverless Computing,Journal of Cloud Computing,,,,10.1186/s13677-023-00429-3,Urmil BhartiAnita GoelS. C. Gupta,2023,https://link.springer.com/article/10.1186/s13677-023-00429-3,Article
Resource Allocation and&#xa0;Scheduling Problems in&#xa0;Computing Continua for&#xa0;Artificial Intelligence Applications,Special Topics in Information Technology,,,,10.1007/978-3-031-80268-3_4,Federica Filippini,2025,https://link.springer.com/chapter/10.1007/978-3-031-80268-3_4,Chapter
PanDA: Production and Distributed Analysis System,Computing and Software for Big Science,,,,10.1007/s41781-024-00114-3,Tadashi MaenoAleksandr AlekseevFernando Harald Barreiro MeginoKaushik DeWen GuanEdward KaravakisAlexei KlimentovTatiana KorchuganovaFaHui LinPaul NilssonTorre WenausZhaoyu YangXin Zhao,2024,https://link.springer.com/article/10.1007/s41781-024-00114-3,Article
Foresight plus: serverless spatio-temporal traffic forecasting,GeoInformatica,,,,10.1007/s10707-024-00517-9,Joe OakleyChris ConlanGunduz Vehbi DemirciAlexandros SfyridisHakan Ferhatosmanoglu,2024,https://link.springer.com/article/10.1007/s10707-024-00517-9,Article
Understanding Cost Dynamics of Serverless Computing: An Empirical Study,Software Business,,,,10.1007/978-3-031-53227-6_32,Muhammad HamzaMuhammad Azeem AkbarRafael Capilla,2024,https://link.springer.com/chapter/10.1007/978-3-031-53227-6_32,Conference paper
On-line determination of the trace amount of cobalt(II) in real samples by flame atomic absorption spectrometry method after pre-concentration by modified polyvinyl chloride,SN Applied Sciences,,,,10.1007/s42452-023-05402-y,Tahere Zarnoushe FarahaniGhadamali BagherianMansour Arab ChamjangaliMotahare Ashrafi,2023,https://link.springer.com/article/10.1007/s42452-023-05402-y,Article
Development of a new reference material for accurate measurements of lithium in Li-clays,Scientific Reports,,,,10.1038/s41598-024-71799-0,Luis Daniel Quiroz GarduñoTania Daniela Mora GarcíaAdrián Sosa DomínguezEdith Valle MoyaFrancisco Javier Martínez RíosMaría del Rocío Arvizu TorresMariana Amezcua VergaraRosalba Hernández LeosCarlos Hernández RodríguezM. Rosalina Pérez GarcíaJosé de Jesús Pérez Bueno,2024,https://link.springer.com/article/10.1038/s41598-024-71799-0,Article
Molecular insights into the mechanisms of a leaf color mutant in <i>Anoectochilus roxburghii</i> by gene mapping and transcriptome profiling based on PacBio Sequel II,Scientific Reports,,,,10.1038/s41598-023-50352-5,Huiming HuangHui ZouHongting LinYimin DaiJiangbo Lin,2023,https://link.springer.com/article/10.1038/s41598-023-50352-5,Article
"Novel metallomic profiling and non-carcinogenic risk assessment of botanical ingredients for use in herbal, phytopharmaceutical and dietary products using HR-ICP-SFMS",Scientific Reports,,,,10.1038/s41598-022-16873-1,Ciara-Ruth KennyGavin RingAisling SheehanMichael A. P. Mc AuliffeBrigid LuceyAmbrose Furey,2022,https://link.springer.com/article/10.1038/s41598-022-16873-1,Article
Cost and response time optimization of edge architectures,Cluster Computing,,,,10.1007/s10586-024-04359-w,Joaquín EntrialgoRafael Moreno-VozmedianoJosé Luis Díaz,2024,https://link.springer.com/article/10.1007/s10586-024-04359-w,Article
Diminuendo! Tactics in Support of FaaS Migrations,Agile Processes in Software Engineering and Extreme Programming – Workshops,,,,10.1007/978-3-030-58858-8_13,Sebastian WernerJörn KuhlenkampFrank PallasNiklas AndersNebi MucajOlesia TsaplinaChristian SchmidtKann Yildirim,2020,https://link.springer.com/chapter/10.1007/978-3-030-58858-8_13,Conference paper
Autonomous scheduling mechanism based on energy awareness for improving resource allocation in serverless IoT edge,Scientific Reports,,,,10.1038/s41598-025-04214-x,Mohsen GhorbianMostafa Ghobaei-AraniLeila Esmaeili,2025,https://link.springer.com/article/10.1038/s41598-025-04214-x,Article
Unleashing the power of decentralized serverless IoT dataflow architecture for the Cloud-to-Edge Continuum: a performance comparison,Annals of Telecommunications,,,,10.1007/s12243-023-01009-x,Juan José López EscobarRebeca P. Díaz-RedondoFelipe Gil-Castiñeira,2024,https://link.springer.com/article/10.1007/s12243-023-01009-x,Article
"Analysis of heavy metal concentrations in breast milk by neutrosophic method in the locate of Lahore, Pakistan",npj Women's Health,,,,10.1038/s44294-024-00024-0,Adeena FatimaUsama AfzalMuhammad AslamZainab RafiNaveed AhmadMirza Albash Baig,2024,https://www.nature.com/articles/s44294-024-00024-0,Article
"Integrated characterization of filler tobacco leaves: HS–SPME–GC–MS, E-nose, and microbiome analysis across different origins",Bioresources and Bioprocessing,,,,10.1186/s40643-024-00728-w,Mingzhu ZhangDongfeng GuoHaiqing WangGuanglong WuNaihong DingYaqi ShiJinlong ZhouEryong ZhaoXingjiang Li,2024,https://link.springer.com/article/10.1186/s40643-024-00728-w,Article
"Heavy metals concentration and health risk assessment in peanut and date palm from Jigjiga City Markets, Ethiopia",Discover Environment,,,,10.1007/s44274-024-00151-0,Aderaw Anteneh BelewAbreham Tesfaye BeshaMelese Ababay AssegeGetaneh Worku Moges,2024,https://link.springer.com/article/10.1007/s44274-024-00151-0,Article
Flavor improving effects of cysteine in xylose–glycine–fish waste protein hydrolysates (FPHs) Maillard reaction system,Bioresources and Bioprocessing,,,,10.1186/s40643-023-00714-8,Yicheng DingChen YanWangli DaiYanbo WangShulai LiuRenchao ZhengXuxia Zhou,2023,https://link.springer.com/article/10.1186/s40643-023-00714-8,Article
Leveraging an open source serverless framework for high energy physics computing,The Journal of Supercomputing,,,,10.1007/s11227-022-05016-y,Vincenzo Eduardo PadulanoPablo Oliver CortésPedro Alonso-JordáEnric Tejedor SaavedraSebastián RiscoGermán Moltó,2023,https://link.springer.com/article/10.1007/s11227-022-05016-y,Article
Modeling the Green Cloud Continuum: integrating energy considerations into Cloud–Edge models,Cluster Computing,,,,10.1007/s10586-024-04383-w,Yashwant Singh PatelPaul TownendAnil SinghPer-Olov Östberg,2024,https://link.springer.com/article/10.1007/s10586-024-04383-w,Article
"Predictable Performance for QoS-Sensitive, Scalable, Multi-tenant Function-as-a-Service Deployments",Agile Processes in Software Engineering and Extreme Programming – Workshops,,,,10.1007/978-3-030-58858-8_14,Andrzej KuriataRamesh G. Illikkal,2020,https://link.springer.com/chapter/10.1007/978-3-030-58858-8_14,Conference paper
(No) time to engage: an exploratory mixed-method study into factors predicting the engagement of postgraduate research students in Ireland,Higher Education,,,,10.1007/s10734-023-01103-y,Daniel GuiguiDaniel FaasMerike DarmodySiobhán Nic Fhlannchadha,2023,https://link.springer.com/article/10.1007/s10734-023-01103-y,Article
Building a&#xa0;Data Management System for the Cloud: Lessons Learned and Future Directions,Datenbank-Spektrum,,,,10.1007/s13222-025-00494-9,Martin HentschelJonathan DeesFlorian FunkeMax HeimelIsmail Oukid,2025,https://link.springer.com/article/10.1007/s13222-025-00494-9,Article
SPEI-FL: Serverless Privacy Edge Intelligence-Enabled Federated Learning in Smart Healthcare Systems,Cognitive Computation,,,,10.1007/s12559-024-10310-3,Mahmuda AkterNour MoustafaBenjamin Turnbull,2024,https://link.springer.com/article/10.1007/s12559-024-10310-3,Article
Fermentation modeling and machine learning for flavor prediction in low-sodium radish paocai with potassium chloride substitution,npj Science of Food,,,,10.1038/s41538-025-00528-2,Yaxin LiYunjing GuWeiye ChengZifan LiXiru ZhangYaran ZhaoKanghee KoWenli LiuXiaoping LiuHuamin Li,2025,https://link.springer.com/article/10.1038/s41538-025-00528-2,Article
"Divalent transition metal complexes of nitrogen, oxygen and sulfur containing ligand: design, structural, spectral, pH-metric, theoretical molecular modeling, analytical and mechanism studies",Applied Water Science,,,,10.1007/s13201-023-01988-1,Magda A. AklMohammed M. H. Al-AwadhiAbdelrahman S. El-Zeny,2023,https://link.springer.com/article/10.1007/s13201-023-01988-1,Article
Leveraging Data-Driven Infrastructure Management to Facilitate AIOps for Big Data Applications and Operations,Technologies and Applications for Big Data Value,,,,10.1007/978-3-030-78307-5_7,Richard McCreadieJohn SoldatosJonathan FuerstMauricio Fadel ArgerichGeorge KousiourisJean-Didier TotowAntonio Castillo NietoBernat Quesada NavidadDimosthenis KyriazisCraig MacdonaldIadh Ounis,2022,https://link.springer.com/chapter/10.1007/978-3-030-78307-5_7,Chapter
"Direct-fed microbials optimize ruminal fermentation, microbial ecosystem and milk quality to enhance the lactation performance of Sanhe dairy cows",Animal Microbiome,,,,10.1186/s42523-025-00437-5,Aoyu JiangZixin LiuZiyan YangShizhe ZhangJian WuChuanshe ZhouZhiliang Tan,2025,https://link.springer.com/article/10.1186/s42523-025-00437-5,Article
Determination of phosphorus compounds in plant tissues: from colourimetry to advanced instrumental analytical chemistry,Plant Methods,,,,10.1186/s13007-022-00854-6,Dorota WieczorekBeata Żyszka-HaberechtAnna KafkaJacek Lipok,2022,https://link.springer.com/article/10.1186/s13007-022-00854-6,Article
ATP functions as a pathogen-associated molecular pattern to activate the E3 ubiquitin ligase RNF213,Nature Communications,,,,10.1038/s41467-025-59444-4,Juraj AhelArda BalciVictoria FaasDaniel B. GrabarczykRoosa HarmoDaniel R. SquairJiazhen ZhangElisabeth RoitingerFrederic LamoliatteSunil MathurLuiza DeszczLillie E. BellAnita LehnerThomas L. WilliamsHanna SowarAnton MeinhartNicola T. WoodTim ClausenSatpal VirdeeAdam J. Fletcher,2025,https://link.springer.com/article/10.1038/s41467-025-59444-4,Article
Towards GPU-enabled serverless cloud edge platforms for accelerating HEVC video coding,Cluster Computing,,,,10.1007/s10586-024-04692-0,Andoni Salcedo-NavarroRaúl Peña-OrtizJose M. ClaverMiguel Garcia-PinedaJuan Gutiérrez-Aguado,2024,https://link.springer.com/article/10.1007/s10586-024-04692-0,Article
Die räumliche Dimension des EU-Emissionshandels (EU ETS): Messung des regionalen Transformationsdrucks in Deutschland,Standort,,,,10.1007/s00548-024-00951-9,Tim BeckerSebastian Losacker,2024,https://link.springer.com/article/10.1007/s00548-024-00951-9,Article
Serverless Workflows for Containerised Applications in the Cloud Continuum,Journal of Grid Computing,,,,10.1007/s10723-021-09570-2,Sebastián RiscoGermán MoltóDiana M. NaranjoIgnacio Blanquer,2021,https://link.springer.com/article/10.1007/s10723-021-09570-2,Article
Eco-friendly optical sensor for precise detection of gold ions in diverse matrices through the integration of β-2-hydroxybenzyl-3-methoxy-2-hydroxyazastyrene in a PVC membrane,Analytical and Bioanalytical Chemistry,,,,10.1007/s00216-024-05324-7,Mohamed HemdanMohamed A. AliAlaa S. Amin,2024,https://link.springer.com/article/10.1007/s00216-024-05324-7,Article
Thermal hydrolysis of poultry byproducts for the production of microbial media,Scientific Reports,,,,10.1038/s41598-025-90411-7,Edward T. DraboldManish SakhakarmySaravanan R. ShanmugamSushil AdhikariWellington ArthurMarko RudarMelissa BoersmaQichen WangBrendan T. Higgins,2025,https://link.springer.com/article/10.1038/s41598-025-90411-7,Article
Identifying potential anthocyanin biosynthesis regulator in Chinese cherry by comprehensive genome-wide characterization of the <i>R2R3-MYB</i> transcription factor gene family,BMC Genomics,,,,10.1186/s12864-024-10675-7,Yan WangHongxia TuJing ZhangHao WangZhenshan LiuJingting ZhouWen HeYuanxiu LinYunting ZhangMengyao LiZhiwei WuQing ChenYong ZhangYa LuoHaoru TangXiaorong Wang,2024,https://link.springer.com/article/10.1186/s12864-024-10675-7,Article
Entrepreneurial strategies for sustainable growth: a deep dive into cloud-native technology and its applications,Future Business Journal,,,,10.1186/s43093-025-00436-7,T. A. AlkaAswathy SreenivasanM. Suresh,2025,https://link.springer.com/article/10.1186/s43093-025-00436-7,Article
Thermal degradation of 18 amino acids during pyrolytic processes,Scientific Reports,,,,10.1038/s41598-024-79032-8,Ren-Guo ZhuHua-Yun XiaoZhongkui ZhouMeiju YinHao XiaoCaixia HuGuo WeiCheng Liu,2024,https://link.springer.com/article/10.1038/s41598-024-79032-8,Article
A Multi-omics Approach Reveals the Effects of Bio- and Chemical- Pesticides on Rice Yield and Quality under Disease Stress,Rice,,,,10.1186/s12284-025-00822-3,Chongchong LuYingzhe YueBaoyou LiuYanke JiangZimeng LiMuhammad Zunair LatifXiaoying ZhangDayin ChenLili DaiLingguang KongQian DuZiyi YinYang LiHansong DongXinhua Ding,2025,https://link.springer.com/article/10.1186/s12284-025-00822-3,Article
A multi-dimensional extensible cloud-native service stack for enterprises,Journal of Cloud Computing,,,,10.1186/s13677-022-00366-7,Jian LinDongming XieJinjun HuangZinan LiaoLong Ye,2022,https://link.springer.com/article/10.1186/s13677-022-00366-7,Article
Cloud Computing Development Trends,Cloud Computing Technology,,,,10.1007/978-981-19-3026-3_8,,2023,https://link.springer.com/chapter/10.1007/978-981-19-3026-3_8,Chapter
"Heavy metal contamination in soil and food crops and associated human health risks in the vicinity of Iringa Municipal dumpsite, Tanzania",Discover Environment,,,,10.1007/s44274-024-00137-y,Victor Fanuel SangaChristina Fabian Pius,2024,https://link.springer.com/article/10.1007/s44274-024-00137-y,Article
Culturing Conditions Dictate the Composition and Pathways Enrichment of Human and Rat Perirenal Adipose-Derived Stromal Cells’ Secretomes,Stem Cell Reviews and Reports,,,,10.1007/s12015-024-10748-w,Erika Pinheiro-MachadoMarijke M. FaasBart J. de HaanCyril MoersAlexandra M. Smink,2024,https://link.springer.com/article/10.1007/s12015-024-10748-w,Article
"A MWCNTs@CuAl<sub>2</sub>O<sub>4</sub>@SiO<sub>2</sub> Nanocomposite for the Speciation of Cr(III), Cr(VI), and Total Chromium Prior to High-Resolution Continuum Source Flame Atomic Absorption Spectrometric Determination","Water, Air, & Soil Pollution",,,,10.1007/s11270-024-07020-9,Hassan Elzain Hassan AhmedMustafa Soylak,2024,https://link.springer.com/article/10.1007/s11270-024-07020-9,Article
Toward security quantification of serverless computing,Journal of Cloud Computing,,,,10.1186/s13677-024-00703-y,Kan NiSubrota Kumar MondalH M Dipu KabirTian TanHong-Ning Dai,2024,https://link.springer.com/article/10.1186/s13677-024-00703-y,Article
"Analysis of heavy metals and minerals in edible vegetable oils produced and marketed in Gondar City, Northwest Ethiopia",BMC Public Health,,,,10.1186/s12889-024-19695-0,Lamrot YohannesHailemariam FelekeMequannent Sharew MelakuDagnachew Eyachew Amare,2024,https://link.springer.com/article/10.1186/s12889-024-19695-0,Article
A survey on transactional stream processing,The VLDB Journal,,,,10.1007/s00778-023-00814-z,Shuhao ZhangJuan SotoVolker Markl,2023,https://link.springer.com/article/10.1007/s00778-023-00814-z,Article
A serverless computing architecture for Martian aurora detection with the Emirates Mars Mission,Scientific Reports,,,,10.1038/s41598-024-53492-4,David PaciosJosé Luis Vázquez-PolettiDattaraj B. DhuriDimitra AtriRafael Moreno-VozmedianoRobert J. LillisNikolaos SchetakisJorge Gómez-SanzAlessio Di IorioLuis Vázquez,2024,https://link.springer.com/article/10.1038/s41598-024-53492-4,Article
What is a Disaster? an Overview of (Contested) Disaster Concepts,Under Pressure?,,,,10.1007/978-3-031-85348-7_2,Ksenia ChmutinaJason von Meding,2025,https://link.springer.com/chapter/10.1007/978-3-031-85348-7_2,Chapter
A Dual Approach to Detecting Iron Ions and Analyzing Water Quality,Chemistry Africa,,,,10.1007/s42250-024-01177-w,Sreedevi ParamparambathKamil OflazMithra GeethaMarwa El-AzazyAhmed S. El-ShafieKishor Kumar Sadasivuni,2025,https://link.springer.com/article/10.1007/s42250-024-01177-w,Article
Separation and pre-concentration of uranium and trace metals using ANSA impregnated activated charcoal in hydro-geochemical samples,Journal of Radioanalytical and Nuclear Chemistry,,,,10.1007/s10967-025-10267-z,Gaurav BhargavaNaveen Kumar PattipakaSanjay KumarA. K. Sardana,2025,https://link.springer.com/article/10.1007/s10967-025-10267-z,Article
Cloud services cost comparison: a clustering analysis framework,Computing,,,,10.1007/s00607-023-01173-x,George FragiadakisVasiliki LiagkouEvangelia FiliopoulouDimitris FragkakisChristos MichalakelisMara Nikolaidou,2023,https://link.springer.com/article/10.1007/s00607-023-01173-x,Article
Event-Driven Serverless Pipelines for Video Coding and Quality Metrics,Journal of Grid Computing,,,,10.1007/s10723-023-09647-0,Wilmer Moina-RiveraMiguel Garcia-PinedaJose M. ClaverJuan Gutiérrez-Aguado,2023,https://link.springer.com/article/10.1007/s10723-023-09647-0,Article
Method validation and geochemical modelling of chromium speciation in natural waters,Scientific Reports,,,,10.1038/s41598-024-77425-3,Piotr RusiniakKatarzyna WątorEwa KmiecikVesna Ristić Vakanjac,2024,https://link.springer.com/article/10.1038/s41598-024-77425-3,Article
Effect of Organic Acids on Pathogenic and Lactic Acid Bacteria in Directly Raw Milk Cheddar Cheese,Probiotics and Antimicrobial Proteins,,,,10.1007/s12602-025-10622-2,Hosam-Eddin M. El-GarhiAhmad A. Abd-ElghanyAzza M. A. IbrahimSafaa A. M. El-AidieRoberto Castro-Muñoz,2025,https://link.springer.com/article/10.1007/s12602-025-10622-2,Article
"IoT and AI for smart agriculture in resource-constrained environments: challenges, opportunities and solutions",Discover Internet of Things,,,,10.1007/s43926-025-00119-3,Majid NawazMuhammad Inayatullah Khan Babar,2025,https://link.springer.com/article/10.1007/s43926-025-00119-3,Article
Validation of Electrothermal Vaporization for the Analysis of Biomass Samples and Comparison with Other Methods of Analysis,Waste and Biomass Valorization,,,,10.1007/s12649-023-02129-0,Hendrik MörtenkötterDominik GrünwaldSebastian FendtHartmut Spliethoff,2023,https://link.springer.com/article/10.1007/s12649-023-02129-0,Article
Emerging Roles of Modern Lifestyle Factors in Microbiome Stability and Functionality,Current Clinical Microbiology Reports,,,,10.1007/s40588-025-00242-3,Ye YangMaria C. HernandezSiddhi ChitreChristian Jobin,2025,https://link.springer.com/article/10.1007/s40588-025-00242-3,Article
Alkali salts of amino acids as alkaline additives for neutralization of acidic corrosion inhibitors,Amino Acids,,,,10.1007/s00726-023-03260-x,Tim NaundorfTom SeddigErik RufLaurens BallentinHelmut KipphardtWolfgang Maison,2023,https://link.springer.com/article/10.1007/s00726-023-03260-x,Article
FAIR principles for AI models with a practical application for accelerated high energy diffraction microscopy,Scientific Data,,,,10.1038/s41597-022-01712-9,Nikil RaviPranshu ChaturvediE. A. HuertaZhengchun LiuRyan ChardAristana ScourtasK. J. SchmidtKyle ChardBen BlaiszikIan Foster,2022,https://link.springer.com/article/10.1038/s41597-022-01712-9,Article
Metabolomic signatures of lactic acid bacteria: their growth rates and roles in enhancing kimchi quality,Applied Biological Chemistry,,,,10.1186/s13765-025-01025-6,So-Jeong KimJi-Sue LeeVindya H. J. Hetti ArachchigeEun-Hee KimByung-Hee RyuJung Sung LeeYoung-Shick Hong,2025,https://link.springer.com/article/10.1186/s13765-025-01025-6,Article
"An archaeometric approach to biocontamination with manganese pigments in ancient marine hunter-gatherers of the Atacama Desert: health, ideological, and socioecononic considerations",Archaeological and Anthropological Sciences,,,,10.1007/s12520-023-01884-4,Bernardo ArriazaLeonardo FigueroaJuan Pablo OgaldeVivien StandenSiân HalcrowDulasiri AmarasiriwardenaJohn Van HoesenJosé Castelleti,2023,https://link.springer.com/article/10.1007/s12520-023-01884-4,Article
"Design, spectral, molecular modeling, antimitotic, analytical and mechanism studies of phenyl isothiocyanate Girard's T derived metal complexes",BMC Chemistry,,,,10.1186/s13065-023-01033-x,Magda A. AklNora A. El MahdyZizi ElbadrawyAbdelrahman S. El-ZenyMohsen M. Mostafa,2023,https://link.springer.com/article/10.1186/s13065-023-01033-x,Article
Learning Career Knowledge: Can AI Simulation and Machine Learning Improve Career Plans and Educational Expectations?,AI in Learning: Designing the Future,,,,10.1007/978-3-031-09687-7_9,I-Chien ChenLydia BradfordBarbara Schneider,2023,https://link.springer.com/chapter/10.1007/978-3-031-09687-7_9,Chapter
Possibilities of using biosorbents and synthetic sorbents in monitoring heavy metal pollution of surface waters,Scientific Reports,,,,10.1038/s41598-025-89365-7,Andrzej KłosSławomir WierzbaMagdalena Piechaczek-WereszczyńskaKacper MatikMariusz GłowackiMaciej PłotkaAlicja GawdzikMirosław WiatkowskiAgnieszka Dołhańczuk-ŚródkaZbigniew Ziembik,2025,https://link.springer.com/article/10.1038/s41598-025-89365-7,Article
Exploring the impact of chaos engineering with various user loads on cloud native applications: an exploratory empirical study,Computing,,,,10.1007/s00607-024-01292-z,Amro Al-Said AhmadLamis F. Al-Qora’nAhmad Zayed,2024,https://link.springer.com/article/10.1007/s00607-024-01292-z,Article
Optimized spray-drying of zinc sulfate-loaded liposomes: physicochemical characterization and in vitro release assessment,Scientific Reports,,,,10.1038/s41598-025-05948-4,Monireh AbbassiSamad Nejad EbrahimiMasoud Rahimi,2025,https://link.springer.com/article/10.1038/s41598-025-05948-4,Article
How to convince in a televised debate: the application of machine learning to analyze why viewers changed their winner perception during the 2021 German chancellor discussion,Humanities and Social Sciences Communications,,,,10.1057/s41599-023-02047-5,Felix EttenspergerThomas WaldvogelUwe WagschalSamuel Weishaupt,2023,https://link.springer.com/article/10.1057/s41599-023-02047-5,Article
Survey on serverless computing,Journal of Cloud Computing,,,,10.1186/s13677-021-00253-7,Hassan B. HassanSaman A. BarakatQusay I. Sarhan,2021,https://link.springer.com/article/10.1186/s13677-021-00253-7,Article
A Distributed Virtual-Machine Placement and Migration Approach Based on Modern Portfolio Theory,Journal of Network and Systems Management,,,,10.1007/s10922-023-09775-8,Manoel C. Silva FilhoClaudio C. MonteiroPedro Ricardo M. InácioMário M. Freire,2023,https://link.springer.com/article/10.1007/s10922-023-09775-8,Article
Serverless computing: a security perspective,Journal of Cloud Computing,,,,10.1186/s13677-022-00347-w,Eduard MarinDiego PerinoRoberto Di Pietro,2022,https://link.springer.com/article/10.1186/s13677-022-00347-w,Article
An eco-friendly ultrasound-assisted deep eutectic solvent-based liquid–phase microextraction method for enrichment and quantification of nickel in environmental samples,Journal of Umm Al-Qura University for Applied Sciences,,,,10.1007/s43994-022-00009-2,Ahmed M. Hameed,2022,https://link.springer.com/article/10.1007/s43994-022-00009-2,Article
"Get up, stand up: a randomized controlled trial to assess the effectiveness of a messenger-based intervention to reduce sedentary behavior in university students",Journal of Public Health,,,,10.1007/s10389-022-01747-7,Mona KellnerFranziska Faas,2022,https://link.springer.com/article/10.1007/s10389-022-01747-7,Article
Severity: a QoS-aware approach to cloud application elasticity,Journal of Cloud Computing,,,,10.1186/s13677-021-00255-5,Andreas TsagkaropoulosYiannis VerginadisNikos PapageorgiouFotis ParaskevopoulosDimitris ApostolouGregoris Mentzas,2021,https://link.springer.com/article/10.1186/s13677-021-00255-5,Article
Mild-intensity physical activity prevents cardiac and osseous iron deposition without affecting bone mechanical property or porosity in thalassemic mice,Scientific Reports,,,,10.1038/s41598-022-09997-x,Narattaphol CharoenphandhuSupagarn SooksawanwitRatchaneevan AeimlapaNatchayaporn ThonapanPornpailin UpananPunyanuch AdulyaritthikulSaowalak KrungchanuchatNattapon PanupinthuJarinthorn TeerapornpuntakitCatleya RojviriyaKornkamon LertsuwanSaovaros SvastiKannikar Wongdee,2022,https://link.springer.com/article/10.1038/s41598-022-09997-x,Article
Production performance and rumen bacterial community structure of <i>Hu</i> sheep fed fermented spent mushroom substrate from <i>Pleurotus eryngii</i>,Scientific Reports,,,,10.1038/s41598-023-35828-8,Xiaoyun HuangLiuting ZhouXiaofeng YouHaidong HanXinzhu ChenXiusheng Huang,2023,https://link.springer.com/article/10.1038/s41598-023-35828-8,Article
Rhizobiome diversity of field-collected hyperaccumulating <i>Noccaea</i> sp.,BMC Plant Biology,,,,10.1186/s12870-024-05605-4,Valentina BočajPaula PongracHelena GrčmanMartin ŠalaMatevž Likar,2024,https://link.springer.com/article/10.1186/s12870-024-05605-4,Article
Towards Cognitive Ports of the Future,Technologies and Applications for Big Data Value,,,,10.1007/978-3-030-78307-5_20,Santiago CáceresFrancisco ValverdeCarlos E. PalauAndreu Belsa PellicerChristos A. GizelisDimosthenes KrassasHanane BechaRéda KhouaniAndreas MetzgerNikos TzagkarakisAnthousa KarkoglouAnastasios NikolakopoulosAchilleas MarinakisVrettos MoulosAntonios LitkeAmir Shayan AhmadianJan Jürjens,2022,https://link.springer.com/chapter/10.1007/978-3-030-78307-5_20,Chapter
"Comparative analysis of heavy metals toxicity in drinking water of selected industrial zones in Gujranwala, Pakistan",Scientific Reports,,,,10.1038/s41598-024-82138-8,Iqra AfzalShaheen BegumShazia IramRabia ShabbirAbdelaaty A. ShahatTehseen Javed,2024,https://link.springer.com/article/10.1038/s41598-024-82138-8,Article
"Calcium, zinc, and vitamin D in breast milk: a systematic review and meta-analysis",International Breastfeeding Journal,,,,10.1186/s13006-023-00564-2,Magali Rios-LeyvrazQisi Yao,2023,https://link.springer.com/article/10.1186/s13006-023-00564-2,Article
Unveiling the metabolic landscape of pulmonary hypertension: insights from metabolomics,Respiratory Research,,,,10.1186/s12931-024-02775-5,Huixue BaYingfan GuoYujie JiangYing LiXuejing DaiYuan LiuXiaohui Li,2024,https://link.springer.com/article/10.1186/s12931-024-02775-5,Article
High surface area and interconnected nanoporosity of clay-rich astromaterials,Scientific Reports,,,,10.1038/s41598-024-61114-2,Laurence A. J. GarvieLászló TrifDesireé Cotto-FigueroaErik AsphaugChristian G. Hoover,2024,https://link.springer.com/article/10.1038/s41598-024-61114-2,Article
Biodiversity in nutrients and biological activities of 14 highbush blueberry (<i>Vaccinium corymbosum</i> L.) cultivars,Scientific Reports,,,,10.1038/s41598-024-71114-x,Sabina Lachowicz-WiśniewskaAnubhav Pratap-SinghIreneusz OchmianIreneusz KapustaAgata KotowskaStanisław Pluta,2024,https://link.springer.com/article/10.1038/s41598-024-71114-x,Article
"Method Development and Optimization of Liquid-Liquid Microextraction Based on the Decomposition of Deep Eutectic Solvent for the Determination of Chromium (VI) in Spinach: Assessment of the Greenness Profile Using Eco-scale, AGREE, and AGREEprep",Food Analytical Methods,,,,10.1007/s12161-024-02583-z,D. MoemaTA. MakwakwaH. N. NyambakaS. DubeMM Nindi,2024,https://link.springer.com/article/10.1007/s12161-024-02583-z,Article
Health risk management framework for heavy metals and cyanide in Kwekwe city of Zimbabwe: a mixed-method study protocol,"Journal of Health, Population and Nutrition",,,,10.1186/s41043-023-00367-5,Sheunesu NgwenyaNtsieni S. MashauEmmanuel S. MhlongoAfsatou N. TraoréAzwinndini G. Mudau,2023,https://link.springer.com/article/10.1186/s41043-023-00367-5,Article
Iron acetate solution prepared from steel wool and vinegar for ebonizing wood,Journal of Wood Science,,,,10.1186/s10086-023-02079-0,Robert Q. Thompson,2023,https://link.springer.com/article/10.1186/s10086-023-02079-0,Article
Upshot of temperature on multi-walled carbon nanotubes synthesized Via CVD aided spray pyrolysis and its application towards lead ion removal from waste water,Discover Chemistry,,,,10.1007/s44371-024-00051-5,V. S. AngulakshmiS. MageswariS. Kalaiselvan,2024,https://link.springer.com/article/10.1007/s44371-024-00051-5,Article
Differential response of chitinolytic and proteolytic depolymerization-mineralization pathways to organic nitrogen substrates,Biology and Fertility of Soils,,,,10.1007/s00374-025-01932-2,Chase S. KasmerchakRachel C. DaughtridgeAndrew J. Margenot,2025,https://link.springer.com/article/10.1007/s00374-025-01932-2,Article
Trace Elements and Cognitive Function in Adults and Older Adults: A Comprehensive Systematic Review,Exposure and Health,,,,10.1007/s12403-024-00667-z,Bianca GerardoJoana NogueiraMarina Cabral PintoAgostinho AlmeidaMário R. SimõesSandra Freitas,2024,https://link.springer.com/article/10.1007/s12403-024-00667-z,Article
The “Free Voters”: A&#xa0;Decent Alternative for Conservatives?,Politische Vierteljahresschrift,,,,10.1007/s11615-023-00470-6,L. Constantin WurthmannMichael AngenendtJan Philipp Thomeczek,2023,https://link.springer.com/article/10.1007/s11615-023-00470-6,Article
Parsimonious Optimal Dynamic Partial Order Reduction,Computer Aided Verification,,,,10.1007/978-3-031-65630-9_2,Parosh Aziz AbdullaMohamed Faouzi AtigSarbojit DasBengt JonssonKonstantinos Sagonas,2024,https://link.springer.com/chapter/10.1007/978-3-031-65630-9_2,Conference paper
"Effect of minerals and heavy metals in sand samples of Ponnai river, Tamil Nadu, India",Scientific Reports,,,,10.1038/s41598-021-02717-x,A. ChandrasekaranC. K. Senthil KumarV. SathishS. ManigandanA. Tamilarasi,2021,https://link.springer.com/article/10.1038/s41598-021-02717-x,Article
Evaluation of heavy metal contamination in landfills and role of multi-heavy metal-resistant rhizobacteria in heavy metal mobilization,International Journal of Environmental Science and Technology,,,,10.1007/s13762-025-06695-9,J. MontreemukW. RongsayamanontA. UssawarujikulchaiW. PansakB. Prapagdee,2025,https://link.springer.com/article/10.1007/s13762-025-06695-9,Article
"Investigation of heavy metal levels in canned tomato paste, olives, and pickled",Scientific Reports,,,,10.1038/s41598-025-06896-9,Parisa Shavali -gilaniAmirhossein AbediniNamra IrshadShokoufe MaleknezhadNajmeh YazdanfarParisa Sadighara,2025,https://link.springer.com/article/10.1038/s41598-025-06896-9,Article
Silver Chloride Precipitation-limiting Factor for Accurate Silver Determination in Ag-accumulating Mushrooms After Nitric Acid Digestion,Biological Trace Element Research,,,,10.1007/s12011-025-04605-1,Iva SynkováJan Borovička,2025,https://link.springer.com/article/10.1007/s12011-025-04605-1,Article
A comprehensive review of earthworm-derived vermiproducts and their role in sustainable agriculture,Discover Applied Sciences,,,,10.1007/s42452-025-07614-w,Nadana Raja Vadivu GanapathyAnbu Cheziyan ElangoGanga BalajiMugesh SankaranarayananManisha Sharma,2025,https://link.springer.com/article/10.1007/s42452-025-07614-w,Article
Objectively Assessing the Effect of a Messenger-based Intervention to Reduce Sedentary Behavior in University Students: A Pilot Study,Journal of Prevention,,,,10.1007/s10935-023-00735-1,Mona KellnerC. DoldM. Lohkamp,2023,https://link.springer.com/article/10.1007/s10935-023-00735-1,Article
A Systematic Review Using ProKnow-C on Methods and Methodologies to Physicochemical Characterization in PM on Leaf Surfaces,"Water, Air, & Soil Pollution",,,,10.1007/s11270-025-08258-7,Juliana Zuluaga-GómezDavid Aguiar-GilLuisa M. Gómez-PeláezAngie Y. Arroyave-AriasMauricio A. Correa-Ochoa,2025,https://link.springer.com/article/10.1007/s11270-025-08258-7,Article
Calcium coordination polymer containing dimethylphosphate ligands and exhibiting nucleating properties towards α and Β crystal polymorphs of isotactic polypropylene,Scientific Reports,,,,10.1038/s41598-025-99757-4,Maciej DębowskiMateusz KullasKrystyna CzajaBeata Sacher-MajewskaMarcin BączekMaciej DrankaAndrzej OstrowskiZbigniew Florjańczyk,2025,https://link.springer.com/article/10.1038/s41598-025-99757-4,Article
Focal adhesions contain three specialized actin nanoscale layers,Nature Communications,,,,10.1038/s41467-024-46868-7,Reena KumariKatharina VenMegan ChastneyShrikant B. KokateJohan PeränenJesse AaronKonstantin KoganLeonardo Almeida-SouzaElena KremnevaRenaud PoinclouxTeng-Leong ChewPeter W. GunningJohanna IvaskaPekka Lappalainen,2024,https://link.springer.com/article/10.1038/s41467-024-46868-7,Article
Management of medical record data with multi-level security on Amazon Web Services,SN Applied Sciences,,,,10.1007/s42452-023-05502-9,Mohammed K. ElghoulSayed F. BahgatAshraf S. HusseinSafwat H. Hamad,2023,https://link.springer.com/article/10.1007/s42452-023-05502-9,Article
Structural modification of defective WO<sub>3</sub> by g-C<sub>3</sub>N<sub>4</sub> for photocatalytic gold recovery from non-cyanide-based plating effluent,Scientific Reports,,,,10.1038/s41598-024-81928-4,Pimchanok LongchinTesfaye Tadesse GebremariamNaphaphan KunthakudeeAuttawit ThoumrungrojThanapol SutthiphongMali Hunsom,2025,https://link.springer.com/article/10.1038/s41598-024-81928-4,Article
Lactobacillomics as a new notion in lactic acid bacteria research through omics integration,World Journal of Microbiology and Biotechnology,,,,10.1007/s11274-025-04285-y,Özge Kahraman Ilıkkan,2025,https://link.springer.com/article/10.1007/s11274-025-04285-y,Article
Spatial segregation of catalytic sites within Pd doped H-ZSM-5 for fatty acid hydrodeoxygenation to alkanes,Nature Communications,,,,10.1038/s41467-024-51925-2,Shengzhe DingDario Luis Fernandez AinagaMin HuBoya QiuUshna KhalidCarmine D’AgostinoXiaoxia OuBen SpencerXiangli ZhongYani PengNicole HondowConstantinos TheodoropoulosYilai JiaoChristopher M. A. ParlettXiaolei Fan,2024,https://link.springer.com/article/10.1038/s41467-024-51925-2,Article
Moral rhetoric in discrete choice models: a Natural Language Processing approach,Quality & Quantity,,,,10.1007/s11135-023-01625-8,Teodóra SzépSander van CranenburghCaspar Chorus,2023,https://link.springer.com/article/10.1007/s11135-023-01625-8,Article
Digital Work in Smart Production Systems,New Digital Work,,,,10.1007/978-3-031-26490-0_3,Jochen DeuseRené WöstmannVanessa WeßkampDavid WagstylChristoph Rieger,2023,https://link.springer.com/chapter/10.1007/978-3-031-26490-0_3,Chapter
A multispecies microcosm to assess the effect of footwear wastes on soil biota: a contribution towards sustainability,Environmental Science and Pollution Research,,,,10.1007/s11356-025-36824-3,Beatriz FernandesVerónica NogueiraSirine BouguerraCristiano SoaresFernanda FidalgoJoana MachadoSusana M. P. CarvalhoMaria José FerreiraVera PintoJosé RodriguesCarlos M. PereiraRuth Pereira,2025,https://link.springer.com/article/10.1007/s11356-025-36824-3,Article
Impact of digital transformation for sustainable circular economic environments,Carbon Neutral Systems,,,,10.1007/s44438-025-00001-3,Dietmar P. F. MöllerQichen WangLiangchao HuangBin XiongYilin GuoTianle ShiRu Zhang,2025,https://link.springer.com/article/10.1007/s44438-025-00001-3,Article
"Insights into brewed tea waste as a green and low-priced adsorbent for solid-phase extraction of Cd(II) ions: isotherm, kinetic, and artificial neural network approach",Journal of Analytical Science and Technology,,,,10.1186/s40543-022-00360-3,Duygu OzdesNida TilkiSerdal SekerCelal Duran,2022,https://link.springer.com/article/10.1186/s40543-022-00360-3,Article
Use of diffusive gradients in thin-film technique to predict the mobility and transfer of nutrients and toxic elements from agricultural soil to crops—an overview of recent studies,Environmental Science and Pollution Research,,,,10.1007/s11356-024-33602-5,Marin SenilaEniko Kovacs,2024,https://link.springer.com/article/10.1007/s11356-024-33602-5,Article
"Environmental Behaviour of Synthesized and Commercial Agricultural Zinc Products: Leaching, Migration, and Availability in Soils",Journal of Soil Science and Plant Nutrition,,,,10.1007/s42729-024-01908-5,Marina de FranciscoAndreia RomeiroLuisa DurãesSilvia Álvarez-TorrellasMiguel Angel IbañezPatricia Almendros,2024,https://link.springer.com/article/10.1007/s42729-024-01908-5,Article
"Reliability of repeated exposure to the human elevated plus-maze in virtual reality: Behavioral, emotional, and autonomic responses",Behavior Research Methods,,,,10.3758/s13428-022-02046-5,Sarah V. BiedermannLateefah RothDaniel BiedermannJohannes Fuss,2022,https://link.springer.com/article/10.3758/s13428-022-02046-5,Article
The SODALITE Runtime Environment,Deployment and Operation of Complex Software in Heterogeneous Execution Environments,,,,10.1007/978-3-031-04961-3_5,Indika KumaraGiovanni QuattrocchiDragan RadoloviÄ‡Kamil TokmakovJesÃºs Ramos RivasWillem-Jan Van Den Heuvel,2022,https://link.springer.com/chapter/10.1007/978-3-031-04961-3_5,Chapter
Calcium and silicon nanofertilizers improved morphological attributes and fatty acid composition in olive; an insight to synergistic interaction between these elements,BMC Plant Biology,,,,10.1186/s12870-025-07027-2,Javad Erfani-MoghadamAbdolkarim Zarei,2025,https://link.springer.com/article/10.1186/s12870-025-07027-2,Article
Pharmacodynamics and biodistribution of [195mPt]cisplatin(CISSPECT®) in head and neck squamous cell carcinoma,EJNMMI Research,,,,10.1186/s13550-024-01082-w,Reinout H. de RoestMarijke Stigter van WalsumKarlijn van der SchildenRuud H. Brakenhoff,2024,https://link.springer.com/article/10.1186/s13550-024-01082-w,Article
Awaiting for Godot: stateless model checking that avoids executions where nothing happens,Formal Methods in System Design,,,,10.1007/s10703-025-00479-0,Bengt JonssonMagnus LångKonstantinos Sagonas,2025,https://link.springer.com/article/10.1007/s10703-025-00479-0,Article
A comparative study on selectivity and sensitivity of new chromium and copper electrodes,Scientific Reports,,,,10.1038/s41598-022-17662-6,Elnaz Bakhshi SarabiLeila HajiaghababaeiMohammad Reza Allahgholi GhasriSeyed Enayatollah MottaghinejadAli Parsa,2022,https://link.springer.com/article/10.1038/s41598-022-17662-6,Article
Effects of thermal processing and storage on physicochemical properties and volatile flavor compounds of dried abalone (<i>Haliotis discus hannai</i>♀ × <i>H. fulgens</i>♂),Agricultural Products Processing and Storage,,,,10.1007/s44462-025-00025-5,Jiacheng GanWeiguang ZouJiawei HongHaichen ZhangXuan LuoCaihuan KeWeiwei You,2025,https://link.springer.com/article/10.1007/s44462-025-00025-5,Article
Should automated vehicles communicate their state or intent? Effects of eHMI activations and non-activations on pedestrians’ trust formation and crossing behavior,Multimedia Tools and Applications,,,,10.1007/s11042-024-20497-0,Daniel EiseleJohannes KrausMagdalena Maria SchlemerTibor Petzoldt,2024,https://link.springer.com/article/10.1007/s11042-024-20497-0,Article
The impact of contextual effects in exercise therapy for low back pain: a systematic review and meta-analysis,BMC Medicine,,,,10.1186/s12916-024-03679-3,Aaltje de RoodeMartijn W. HeymansWim van LankveldJ. Bart Staal,2024,https://link.springer.com/article/10.1186/s12916-024-03679-3,Article
Bioremediation of industrial wastewater heavy metals using solo and consortium <i>Enterobacter</i> spp.,Environmental Monitoring and Assessment,,,,10.1007/s10661-023-11951-x,Mahmoud Saber KelanyMohamed AbdElAziz El-sawyAhmed Rabie El-GendyEhab Aly Beltagy,2023,https://link.springer.com/article/10.1007/s10661-023-11951-x,Article
Influence of the Reduction Rate of Slag from Oxidation Process of Cu–Fe–Pb Alloy During Reduction (De-coppering) on Its Viscosity,Metallurgical and Materials Transactions B,,,,10.1007/s11663-024-03381-y,Piotr Madej,2024,https://link.springer.com/article/10.1007/s11663-024-03381-y,Article
Biocarbon derived from <i>Lantana camara</i> L. leaf and seed for adsorption of heavy metals from floriculture wastewater,Discover Environment,,,,10.1007/s44274-025-00237-3,Hussen HassenZekeria YusufJ. M. Sasikumar,2025,https://link.springer.com/article/10.1007/s44274-025-00237-3,Article
Low concentrations of methyl jasmonate promote plant growth and mitigate Cd toxicity in <i>Cosmos bipinnatus</i>,BMC Plant Biology,,,,10.1186/s12870-024-05526-2,Xiaofang YuYujia LiuLiu YangYujing LiuChunyu FanZihan YangYuhan XuXiaoxuan ZengXue XiaoLijuan YangTing LeiMingyan JiangXi LiSuping GaoQi Tao,2024,https://link.springer.com/article/10.1186/s12870-024-05526-2,Article
Self-tuning serverless task farming using proactive elasticity control,Cluster Computing,,,,10.1007/s10586-020-03158-3,Stefan KehrerDominik ZietlowJochen ScheffoldWolfgang Blochinger,2020,https://link.springer.com/article/10.1007/s10586-020-03158-3,Article
The intake of ultra-processed foods and homocysteine levels in women with(out) overweight and obesity: The Rotterdam Periconceptional Cohort,European Journal of Nutrition,,,,10.1007/s00394-024-03334-w,Nicole SchenkelaarsLenie van RossemSten P. WillemsenMarijke M. FaasSam SchoenmakersRégine P. M. Steegers-Theunissen,2024,https://link.springer.com/article/10.1007/s00394-024-03334-w,Article
Measuring the Business Value of Cloud Computing: Emerging Paradigms and Future Directions for Research,Measuring the Business Value of Cloud Computing,,,,10.1007/978-3-030-43198-3_7,Theo LynnPierangelo RosatiGrace Fox,2020,https://link.springer.com/chapter/10.1007/978-3-030-43198-3_7,Chapter
Umami and Satiety,Umami,,,,10.1007/978-3-031-32692-9_5,Martin R. Yeomans,2024,https://link.springer.com/chapter/10.1007/978-3-031-32692-9_5,Chapter
Jumping on the Bandwagon: The Role of Voters’ Social Class in Poll Effects in the Context of the 2021 German Federal Election,Politische Vierteljahresschrift,,,,10.1007/s11615-022-00417-3,Fabienne UnkelbachMelvin JohnVera Vogel,2022,https://link.springer.com/article/10.1007/s11615-022-00417-3,Article
Green remediation of lead (pb) from Pb-toxic soil by combined use of silicon nanomaterials and leguminous <i>Lens culinaris</i> L. plants,Scientific Reports,,,,10.1038/s41598-025-88759-x,Tayyaba NazMuhammad Mazhar IqbalBilal RazaMuhammad Asad MubeenMuhammad Ather NadeemAbdullah Ahmed Al-GhamdiMohamed S ElshikhMuhammad RizwanRashid Iqbal,2025,https://link.springer.com/article/10.1038/s41598-025-88759-x,Article
Microextraction procedures for preconcentration of Fe (III) in water and food samples prior to colorimetric detection: a comparative study,Journal of the Iranian Chemical Society,,,,10.1007/s13738-022-02697-3,Hanan E. ZedanWael I. MortadaMagdi E. Khalifa,2022,https://link.springer.com/article/10.1007/s13738-022-02697-3,Article
"Kinetics of Cu, Pb and Zn removal during soil flushing with washing agents derived from sewage sludge",Scientific Reports,,,,10.1038/s41598-021-89458-z,Barbara KlikZygmunt M. GusiatinDorota Kulikowska,2021,https://link.springer.com/article/10.1038/s41598-021-89458-z,Article
Recent trends of copper detection in water samples,Bulletin of the National Research Centre,,,,10.1186/s42269-021-00677-w,Ahmed M. ElkhatatMariam SolimanRim IsmailSomaya AhmedNada AbounahiaShamna MubashirSohila FouladiMajeda Khraisheh,2021,https://link.springer.com/article/10.1186/s42269-021-00677-w,Article
Validität und Reliabilität virtualisierter RTR-Messungen,Publizistik,,,,10.1007/s11616-021-00680-1,Thomas WaldvogelUwe WagschalThomas MetzBernd BeckerLinus FeitenSamuel Weishaupt,2021,https://link.springer.com/article/10.1007/s11616-021-00680-1,Article
Composition of the freshwater decapod crustacean communities in an area of mining in Brazilian Amazonia and the variation related to environmental parameters,Scientific Reports,,,,10.1038/s41598-025-08951-x,Katherine Soares MoraisClaudia Antônia Campos Rodrigues de OliveiraAlexandre de Oliveira MarquesFúlvio Aurélio de Morais  FreireLílian Lund AmadoMaria Clara Pinheiro de SouzaLeandro Machado de CarvalhoGustavo Quevedo RomeroBianca Bentes,2025,https://link.springer.com/article/10.1038/s41598-025-08951-x,Article
Development of paper based colorimetric method using pigment from red dragon fruit for determination of Cu and Fe,Scientific Reports,,,,10.1038/s41598-025-98693-7,Rimadani PratiwiRaspati Dewi MulyaningsihAliya Nur Hasanah,2025,https://link.springer.com/article/10.1038/s41598-025-98693-7,Article
The Impact of Encoding and Transport for Massive Real-time IoT Data on Edge Resource Consumption,Journal of Grid Computing,,,,10.1007/s10723-021-09577-9,Francesco TusaStuart Clayman,2021,https://link.springer.com/article/10.1007/s10723-021-09577-9,Article
Comprehensive metabolomics unveil the discriminatory metabolites of some Mediterranean Sea marine algae in relation to their cytotoxic activities,Scientific Reports,,,,10.1038/s41598-022-12265-7,Dina S. GhallabEman ShawkyReham S. IbrahimMohamed M. Mohyeldin,2022,https://link.springer.com/article/10.1038/s41598-022-12265-7,Article
Exit or Voice? Behavioral Implications of Electoral-Integrity Beliefs in Germany,Politische Vierteljahresschrift,,,,10.1007/s11615-022-00403-9,Christian Schnaudt,2022,https://link.springer.com/article/10.1007/s11615-022-00403-9,Article
Development of UAD-ICP-OES Method for Determination of Multi-Element in Wine Beverages: Evaluating Human Health Risk Assessment and Method Greenness Index,Food Analytical Methods,,,,10.1007/s12161-025-02779-x,Celiwe P. DlangalalaNjabulo S. MdluliMasixole SihlahlaNomvano Mketo,2025,https://link.springer.com/article/10.1007/s12161-025-02779-x,Article
Development and validation of an eco-compatible UV–Vis spectrophotometric method for the determination of Cu<sup>2+</sup> in aqueous matrices,Analytical and Bioanalytical Chemistry,,,,10.1007/s00216-023-04785-6,Prisco PreteDavide IannacconeAntonio ProtoMarek TobiszewskiRaffaele Cucciniello,2023,https://link.springer.com/article/10.1007/s00216-023-04785-6,Article
Iron cellular uptake from almond and coconut beverages using an in vitro intestinal cell model,Discover Food,,,,10.1007/s44187-022-00025-5,Joyce Grazielle Siqueira SilvaSabrina FeitosaJuliana Azevedo Lima PalloneRalf GreinerKarlis Briviba,2022,https://link.springer.com/article/10.1007/s44187-022-00025-5,Article
"Assessment on physicochemical quality of tap and bottled water in Mekelle city, Ethiopia",Discover Chemistry,,,,10.1007/s44371-025-00230-y,Tenagne Jiru MergiaAmanual Hadera TesfayGebrekidan Mebrahtu TesfamariamDesta Berhe SbhatuKiros Gebremichail GebresilasieGoitom Gebreyohannes Berhe,2025,https://link.springer.com/article/10.1007/s44371-025-00230-y,Article
Monitoring of wastewater quality in Lodz sewage system (Poland)—do the current solutions enable the protection of WWTP and receiving water?,International Journal of Energy and Environmental Engineering,,,,10.1007/s40095-021-00455-4,Grazyna SaksonAgnieszka BrzezinskaDawid BandzierzDorota OlejnikMałgorzata JedrzejczakDorota GryglikEwa Badowska,2021,https://link.springer.com/article/10.1007/s40095-021-00455-4,Article
Lanthanum(III)-amino acid chelate mitigates copper(II) stress in rice (<i>Oryza sativa</i>),Scientific Reports,,,,10.1038/s41598-024-73771-4,Jiajia ChenYuqing Zhong,2024,https://link.springer.com/article/10.1038/s41598-024-73771-4,Article
Highly selective and sensitive recognition of multi-ions in aqueous solution based on polymer-grafted nanoparticle as visual colorimetric sensor,Scientific Reports,,,,10.1038/s41598-023-50627-x,Bahareh HeidariPourya ZarshenasRoya SedghiMohammad Reza NabidRajender S. Varma,2024,https://link.springer.com/article/10.1038/s41598-023-50627-x,Article
Selective determination of metal chlorocomplexes in saline waters by magnetic ionic liquid–based dispersive liquid–liquid microextraction,Analytical and Bioanalytical Chemistry,,,,10.1007/s00216-024-05655-5,Belén Herce-SesaJosé A. López-LópezCarlos Moreno,2024,https://link.springer.com/article/10.1007/s00216-024-05655-5,Article
Human health risk assessment of toxic metals in Nass smokeless tobacco in Iran,Scientific Reports,,,,10.1038/s41598-025-93755-2,Mohsen RezaeianHassan AhmadiniaMarzie Salandari RaboriAli DiniAbbas EsmaeiliHamidreza MohammadiAli Ghaffarian-Bahraman,2025,https://link.springer.com/article/10.1038/s41598-025-93755-2,Article
"Synthesis, application and molecular docking of modified cellulose with diaminoguanidine as complexing agent for selective separation of Cu (II), Cd (II) and Hg (II) ions from alum sample",Scientific Reports,,,,10.1038/s41598-024-67218-z,Heba E. SaadYusif S. El-SayedGaber M. Abu El-ReashMohamed gaberMohamed A. Hashem,2024,https://link.springer.com/article/10.1038/s41598-024-67218-z,Article
FPGA Design Deobfuscation by Iterative LUT Modification at Bitstream Level,Journal of Hardware and Systems Security,,,,10.1007/s41635-022-00130-y,Michail MoraitisElena Dubrova,2023,https://link.springer.com/article/10.1007/s41635-022-00130-y,Article
Library for universal virtual reality experiments (luVRe): A standardized immersive 3D/360° picture and video database for VR based research,Current Psychology,,,,10.1007/s12144-021-01841-1,Benjamin SchöneJoanna KiskerRebecca Sophia SylvesterElise Leila RadtkeThomas Gruber,2021,https://link.springer.com/article/10.1007/s12144-021-01841-1,Article
Exploratory Prognostic Biomarkers of Complement-Mediated Thrombotic Microangiopathy (CM-TMA) in Adults with Atypical Hemolytic Uremic Syndrome (aHUS): Analysis of a Phase III Study of Ravulizumab,Molecular Diagnosis & Therapy,,,,10.1007/s40291-022-00620-3,Tobin J. CammettKatherine GarloEllen E. MillmanKara RiceCatherine M. TosteSusan J. Faas,2022,https://link.springer.com/article/10.1007/s40291-022-00620-3,Article
An autonomous performance testing framework using self-adaptive fuzzy reinforcement learning,Software Quality Journal,,,,10.1007/s11219-020-09532-z,Mahshid Helali MoghadamMehrdad SaadatmandMarkus BorgMarkus BohlinBjörn Lisper,2021,https://link.springer.com/article/10.1007/s11219-020-09532-z,Article
Influence of reduced N-fertilizer application on foliar chemicals and functional qualities of tea plants under <i>Toxoptera&#xa0;aurantii</i> infestation,BMC Plant Biology,,,,10.1186/s12870-022-03533-9,Sabin Saurav PokharelYanni ZhongLv ChangningFangyuan ShenLi LikunMegha N. ParajuleeWanping FangFajun Chen,2022,https://link.springer.com/article/10.1186/s12870-022-03533-9,Article
Cognitive Computing Continuum: State-of-the-Art Review and ENACT Vision &amp; Approach,Journal of Grid Computing,,,,10.1007/s10723-025-09810-9,Ioanna Angeliki KapetanidouAlexandros NizamisEfstathios KaranastasisGabriel-Mihail DanciuClara Isabel Valero LópezThanasis KotsiopoulosJuan GascónJaime FlorRoss CampbellAthanasios LiatifisNadia Masood KhanDejan DrajicStefan JarcauVlad MocanuMihnea LopataruHaya Al kassirDimitrios PliatsiosEfthymios ChondrogiannisAntonios LitkeSrdjan KrcoUsman WajidSeptimiu NechiforPanagiotis SarigiannidisPanagiotis TrakadasKonstantinos Votis,2025,https://link.springer.com/article/10.1007/s10723-025-09810-9,Article
Applications of Lipidomics to Age-Related Musculoskeletal Disorders,Current Osteoporosis Reports,,,,10.1007/s11914-021-00656-0,Chenglin MoYating DuThomas M. O’Connell,2021,https://link.springer.com/article/10.1007/s11914-021-00656-0,Article
Distributed Big Data Analytics in a Smart City,Technologies and Applications for Big Data Value,,,,10.1007/978-3-030-78307-5_21,Maria A. SerranoErez HadadRoberto CavicchioliRut PalmeroLuca ChiantoreDanilo AmendolaEduardo Quiñones,2022,https://link.springer.com/chapter/10.1007/978-3-030-78307-5_21,Chapter
Treatment of strong alkaline wastewater from neutral leaching of EAF dust by precipitation and ion exchange,Applied Water Science,,,,10.1007/s13201-023-01936-z,Dagmar RemeteiováSilvia RužičkováVladislava MičkováMária HeželováĽubomír Pikna,2023,https://link.springer.com/article/10.1007/s13201-023-01936-z,Article
New insights on genetic background of major diabetic vascular complications,Diabetology & Metabolic Syndrome,,,,10.1186/s13098-024-01473-y,Zuira TariqSalah AbusnanaBashair M. MussaHala Zakaria,2024,https://link.springer.com/article/10.1186/s13098-024-01473-y,Article
Einsatz von Cloud-Technologien und -ressourcen in der Co-Simulation,HMD Praxis der Wirtschaftsinformatik,,,,10.1365/s40702-023-01004-9,Thorsten WackAndreas Schröder,2023,https://link.springer.com/article/10.1365/s40702-023-01004-9,Article
Comparative assessment of amino acids composition in two types of marine fish silage,Scientific Reports,,,,10.1038/s41598-021-93884-4,Mukund GauthankarRakhee KhandeparkerMamatha S. ShivaramuKomal SalkarRayadurga Anantha SreepadaMandar Paingankar,2021,https://link.springer.com/article/10.1038/s41598-021-93884-4,Article
Bio-product as a nutritional approach for sustainable hydroponic lettuce cultivation,Discover Applied Sciences,,,,10.1007/s42452-025-07534-9,Eduardo Saldanha VogelmannJardel Böhmer JúniorGizachew Ayalew Tiruneh,2025,https://link.springer.com/article/10.1007/s42452-025-07534-9,Article
Time-constrained concurrent data-offloading in the cloud and fog,Cluster Computing,,,,10.1007/s10586-025-05397-8,Zakaria MaamarNoura FaciFadwa YahyaEjub Kajan,2025,https://link.springer.com/article/10.1007/s10586-025-05397-8,Article
Determination of metal contents in some green leafy vegetables in Marmara region of Turkey,SN Applied Sciences,,,,10.1007/s42452-023-05369-w,Medet ZorSevgi Kocaoba,2023,https://link.springer.com/article/10.1007/s42452-023-05369-w,Article
Synergistic effects of zinc and cadmium on phytoremediation potential of Christmas moss (<i>Vesicularia montagnei</i>),Scientific Reports,,,,10.1038/s41598-024-68849-y,Puntaree TaeprayoonKanwara PongphontongKhanitta SomtrakoonTheerawut PhusantisampanWeeradej Meeinkuirt,2024,https://link.springer.com/article/10.1038/s41598-024-68849-y,Article
"Appraisal of ground water vulnerability to seawater intrusion using the GALDIT method in Northwestern Douala basin, Cameroon",Discover Geoscience,,,,10.1007/s44288-025-00159-w,Jovens Nyangang AduckAlice Magha MufurMathias Fru Fonteh,2025,https://link.springer.com/article/10.1007/s44288-025-00159-w,Article
Evaluation of antigenicity and nutritional properties of enzymatically hydrolyzed cow milk,Scientific Reports,,,,10.1038/s41598-021-98136-z,Xiaona LiangGuanlin QianJing SunMei YangXinyang ShiHui YangJunrui WuZongzhou WangYan ZhengXiqing Yue,2021,https://link.springer.com/article/10.1038/s41598-021-98136-z,Article
Swiss chiropractic cohort (Swiss ChiCo) pilot study: feasibility for a musculoskeletal cohort study conducted within a nationwide practice-based research network,European Spine Journal,,,,10.1007/s00586-024-08175-z,Rahim LaljiLéonie HofstetterAlice KongstedViktor von WylJulia BraunMilo A. PuhanCesar A. HincapiéAline BidlingmeyerAndreas FingalAnja MaireAntonia GassnerAstrid KurmannBernhard PulverCarole BeetschenChristian ChervetChristina PaduaChristof SchmidClarisse Noirat-BerdatClaude IlliColette FaasCorinne R. MinderDamien MauronDominic StraussElisabeth FingalEmilie LéonardFabienne Fehr LeuFederica GianolaIlona SalzmannJeanne WaldnerJean-Pierre CordeyJérémie BaretKirsten OlesenLaure BérangerLea RohnerLorene RaboldLuana NyiröMalin Bengtsdotter ThurnherrMalin MühlemannMarcel ArioliMarielle HoarauMarie-Pierre RoyMartina UfferMartine Randoll SchmutzMartin MerzMatilde A. BianchiMelanie HäuslerMichael RenferMichel AymonMireille SchläppiNadia FaigauxNadia GrafNicholas SchenkNicole Aeschlimann KiblerNicole SchläppiNils OsseiranNina YerlyNoemi AmrheinPatric BeereuterPatrick RyserPeter BonPeter KellerRebecca Duvanel AustinatRoland NoiratRomain ClercRoy BösigerSamuel KosewährSarah FilliezSara MeierSerafin LeemannSeraina FranceySibylle NebikerSimone MüllerSonja NardiniStephanie ZimmermannStefan RauberThierry SchmutzThomas LüthyThomas ThurnherrTom LeleuUrs ZahnerVincent BillaWilliam Jardine,2024,https://link.springer.com/article/10.1007/s00586-024-08175-z,Article
The significance of heterophasic ion exchange in active biomonitoring of heavy metal pollution of surface waters,Scientific Reports,,,,10.1038/s41598-023-43454-7,Andrzej KłosSławomir WierzbaPaweł ŚwisłowskiAgnieszka CyganŁukasz GrussMirosław WiatkowskiKrzysztof PulikowskiZbigniew ZiembikAgnieszka Dołhańczuk-ŚródkaMałgorzata RajfurDominik JerzMagdalena Piechaczek-WereszczyńskaCzesława Rosik-DulewskaPiotr Wieczorek,2023,https://link.springer.com/article/10.1038/s41598-023-43454-7,Article
A review of the modern principles and applications of solid-phase extraction techniques in chromatographic analysis,Analytical Sciences,,,,10.1007/s44211-022-00190-8,Mohamed E. I. BadawyMahmoud A. M. El-NoubyPaul K. KimaniLee W. LimEntsar I. Rabea,2022,https://link.springer.com/article/10.1007/s44211-022-00190-8,Article
Systematic analysis of automated threat modelling techniques: Comparison of open-source tools,Software Quality Journal,,,,10.1007/s11219-023-09634-4,Daniele GranataMassimiliano Rak,2023,https://link.springer.com/article/10.1007/s11219-023-09634-4,Article
Quality of heavy metal-contaminated soil before and after column flushing with washing agents derived from municipal sewage sludge,Scientific Reports,,,,10.1038/s41598-021-95441-5,Barbara KlikZygmunt M. GusiatinDorota Kulikowska,2021,https://link.springer.com/article/10.1038/s41598-021-95441-5,Article
"Simple fuzzy classification of metal qualities of Ona River, Ibadan, Nigeria, and its implication for fish production and other uses",Discover Water,,,,10.1007/s43832-024-00137-2,Olayiwola Akin AkintolaFoluso Oyedotun AgunbiadeTolulope Omolayo AriyomoToju Esther BabalolaBolaji Adelanke AdabembeOluwaseun Temitope FaloyeOpeyemi Samuel Sajo,2024,https://link.springer.com/article/10.1007/s43832-024-00137-2,Article
Availability of iron ions impacts physicochemical properties and proteome of outer membrane vesicles released by <i>Neisseria gonorrhoeae</i>,Scientific Reports,,,,10.1038/s41598-023-45498-1,Jagoda PłaczkiewiczKatarzyna GieczewskaMarcin MusiałowskiMonika Adamczyk-PopławskaPaweł BącalAgnieszka Kwiatek,2023,https://link.springer.com/article/10.1038/s41598-023-45498-1,Article
Contrasting executive function development among primary school children from Hong Kong and Germany,European Journal of Psychology of Education,,,,10.1007/s10212-020-00519-9,Katharina SchirmbeckNirmala RaoRhoda WangBen RichardsStephanie W. Y. ChanClaudia Maehler,2020,https://link.springer.com/article/10.1007/s10212-020-00519-9,Article
Personalized Portfolio Optimization Using Genetic (AI) Algorithms,Big Data and Artificial Intelligence in Digital Finance,,,,10.1007/978-3-030-94590-9_11,Roland MeierRené Danzinger,2022,https://link.springer.com/chapter/10.1007/978-3-030-94590-9_11,Chapter
Expectations and realities: Examining adolescent students’ game jam experiences,Education and Information Technologies,,,,10.1007/s10639-021-10782-y,Riikka AuravaMikko Meriläinen,2021,https://link.springer.com/article/10.1007/s10639-021-10782-y,Article
Case Study Pedagogy in Disaster Education,Science & Education,,,,10.1007/s11191-024-00598-w,Prerna SrigyanKim Fortun,2025,https://link.springer.com/article/10.1007/s11191-024-00598-w,Article
Potential of spectroscopic analyses for non-destructive estimation of tea quality-related metabolites in fresh new leaves,Scientific Reports,,,,10.1038/s41598-021-83847-0,Hiroto YamashitaRei SonobeYuhei HironoAkio MoritaTakashi Ikka,2021,https://link.springer.com/article/10.1038/s41598-021-83847-0,Article
The Potential of Video Vignettes to Promote Diagnostic Skills of Prospective Teachers at Vocational Schools,Vocations and Learning,,,,10.1007/s12186-025-09378-1,Teresa GiekPhilipp EichentopfJürgen SeifriedAndrea Burda-Zoyke,2025,https://link.springer.com/article/10.1007/s12186-025-09378-1,Article
Reducing Social Media Attention Inequality in Disasters: The Role of Official Media During Rainstorm Disasters in China,International Journal of Disaster Risk Science,,,,10.1007/s13753-024-00562-w,Longfei ZhengLei ChenFenjie LongJianing LiuLei Li,2024,https://link.springer.com/article/10.1007/s13753-024-00562-w,Article
Bio-based protic salts as precursors for sustainable free-standing film electrodes,Scientific Reports,,,,10.1038/s41598-024-61553-x,Alina Brzęczek-SzafranMagdalena GwóźdźBartłomiej GaidaMaciej KrzywieckiMirosława PawlytaAgata Blacha-GrzechnikAnna KolanowskaAnna ChrobokDawid Janas,2024,https://link.springer.com/article/10.1038/s41598-024-61553-x,Article
MEDALT: single-cell copy number lineage tracing enabling gene discovery,Genome Biology,,,,10.1186/s13059-021-02291-5,Fang WangQihan WangVakul MohantyShaoheng LiangJinzhuang DouJincheng HanDarlan Conterno MinussiRuli GaoLi DingNicholas NavinKen Chen,2021,https://link.springer.com/article/10.1186/s13059-021-02291-5,Article
<i>Fusarium oxysporum</i> FO12 enhances plant performance by modulating the phytohormone profile and soil properties as a function of the inoculation method,Plant and Soil,,,,10.1007/s11104-025-07380-z,Jesús Sevillano-CañoCarlos Agustí-BrisachJosé María García-MinaÁngel María ZamarreñoVidal BarrónAntonio Rafael Sánchez-Rodríguez,2025,https://link.springer.com/article/10.1007/s11104-025-07380-z,Article
Macrophages foster anti-tumor immunity by ZEB1-dependent cytotoxic T cell chemoattraction,Communications Biology,,,,10.1038/s42003-025-08339-7,Kathrin FuchsElisabetta D’AvanzoIsabell ArmstarkRuthger van RoeyAna Clavel EzquerraNino BindelKatharina SiebenkäsYussuf HajjajRenato LiguoriFulvia FerrazziLukas AmonJohanna BulangJulian HübnerMarcel EdlerEce GraceAnnemarie SchwabMarwin AlfredoMaria FaasJochen AckermannElena PercivalleClaudia GüntherMarkus H. HoffmannGerhard KrönkeChristoph BeckerDiana DudziakPhilipp ArnoldMiriam WoehnerFalk NimmerjahnSimone BrabletzMarc P. StemmlerThomas BrabletzHarald Schuhwerk,2025,https://link.springer.com/article/10.1038/s42003-025-08339-7,Article
Salinity inhibits the induction of physiological responses to iron and potassium deficiency in two phylogenetically related species: <i>Arabidopsis thaliana</i> (glycophyte) and <i>Cakile maritima</i> (halophyte),Plant and Soil,,,,10.1007/s11104-024-06992-1,Hayet HoumaniEsteban AlcántaraFrancisco J. RomeraMaría J. GarcíaRafael Pérez-VicenteChedly AbdellyCarlos Lucena,2024,https://link.springer.com/article/10.1007/s11104-024-06992-1,Article
"Migrasomes, a new mode of intercellular communication",Cell Communication and Signaling,,,,10.1186/s12964-023-01121-4,Yuyun JiangXi LiuJixian YeYongbin MaJiahui MaoDingqi FengXuefeng Wang,2023,https://link.springer.com/article/10.1186/s12964-023-01121-4,Article
Understanding the challenges and novel architectural models of multi-cloud native applications – a systematic literature review,Journal of Cloud Computing,,,,10.1186/s13677-022-00367-6,Juncal AlonsoLeire Orue-EchevarriaValentina CasolaAna Isabel TorreMaider HuarteEneko OsabaJesus L. Lobo,2023,https://link.springer.com/article/10.1186/s13677-022-00367-6,Article
"Evolution of Vitamin D Status and Vitamin D Receptor Gene Expression Among Professional Handball Athletes During a Competitive Period. Relationship with Body Composition, Calcium, Magnesium and Phosphorous",Biological Trace Element Research,,,,10.1007/s12011-023-03760-7,Jorge Molina-LópezLourdes Herrera-QuintanaHéctor Vázquez-LorenteElena Planells,2023,https://link.springer.com/article/10.1007/s12011-023-03760-7,Article
"A longitudinal analysis of the reciprocal relationship between academic procrastination, study satisfaction, and dropout intentions in higher education",European Journal of Psychology of Education,,,,10.1007/s10212-021-00571-z,Anne ScheunemannTheresa SchnettlerJulia BobeStefan FriesCarola Grunschel,2021,https://link.springer.com/article/10.1007/s10212-021-00571-z,Article
"At Least Agree on the Important Things: The Impact of Issue Distance, Intracoalition Heterogeneity, and Salience on Voters’ Coalition Preferences",Politische Vierteljahresschrift,,,,10.1007/s11615-022-00415-5,Robert Welz,2022,https://link.springer.com/article/10.1007/s11615-022-00415-5,Article
Notions of EU Citizenship Among Young People in the Peripheral Regions of East Central Europe,EU Citizenship Beyond Urban Centres,,,,10.1007/978-3-031-29793-9_3,Lars VogelDavid Will,2023,https://link.springer.com/chapter/10.1007/978-3-031-29793-9_3,Chapter
Effect of freeze–thaw manipulation on phytostabilization of industrially contaminated soil with halloysite nanotubes,Scientific Reports,,,,10.1038/s41598-023-49698-7,Maja RadziemskaMariusz Z. GusiatinAgnieszka Cydzik-KwiatkowskaAurelia BlazejczykGrzegorz MajewskiIwona JaskulskaMartin Brtnicky,2023,https://link.springer.com/article/10.1038/s41598-023-49698-7,Article
The bryophyte community as bioindicator of heavy metals in a waterfall outflow,Scientific Reports,,,,10.1038/s41598-022-10980-9,Narin PrintarakulWeeradej Meeinkuirt,2022,https://link.springer.com/article/10.1038/s41598-022-10980-9,Article
Takanga ‘enau fohe: a scoping review of the educational successes and challenges of Pacific learners in Australia 2010–2021,The Australian Educational Researcher,,,,10.1007/s13384-023-00611-1,Maryanne PaleLyn KeeBin WuWendy Goff,2023,https://link.springer.com/article/10.1007/s13384-023-00611-1,Article
"Performance, isotherm, kinetics and mechanism of simultaneous removal of Cr(VI), Cu(II) and F ions by CeO<sub>2</sub>–MgO binary oxide nanomaterials",Scientific Reports,,,,10.1038/s41598-024-78830-4,Rumman ZaidiSaif Ullah KhanIzharul Haq FarooqiFaheem AhmedAbdullah AlsulamiAmeer AzamSaleh O. Allehabi,2025,https://link.springer.com/article/10.1038/s41598-024-78830-4,Article
Application of ion-exchange dynamic conditions in the recovery of precious metals from refining waste,Scientific Reports,,,,10.1038/s41598-024-66086-x,Karolina GocGrzegorz BenkeJoanna KluczkaKarolina PianowskaJoanna MalarzKatarzyna Leszczyńska-Sejda,2024,https://link.springer.com/article/10.1038/s41598-024-66086-x,Article
Quantum software engineering and quantum software development lifecycle: a survey,Cluster Computing,,,,10.1007/s10586-024-04362-1,Kanishk DwivediMajid HaghparastTommi Mikkonen,2024,https://link.springer.com/article/10.1007/s10586-024-04362-1,Article
Photosynthetic response of <i>Solidago gigantea</i> Aition and <i>Calamagrostis epigejos</i> L. (Roth) to complex environmental stress on heavy metal contaminated sites,Scientific Reports,,,,10.1038/s41598-024-82952-0,Wojciech BąbaAgnieszka Kompała-BąbaEdyta SierkaWojciech Bierza,2024,https://link.springer.com/article/10.1038/s41598-024-82952-0,Article
RETRACTED ARTICLE: Inductively coupled plasma-mass spectrometry (ICP-MS) detection of trace metal contents of children cosmetics,Optical and Quantum Electronics,,,,10.1007/s11082-023-06166-w,Semiha KopruMustafa Soylak,2024,https://link.springer.com/article/10.1007/s11082-023-06166-w,Article
Metabolic framework of spontaneous and synthetic sourdough metacommunities to reveal microbial players responsible for resilience and performance,Microbiome,,,,10.1186/s40168-022-01301-3,Francesco Maria CalabreseHana AmeurOlga NikoloudakiGiuseppe CelanoMirco VaccaWilson JFLemos JuniorCaterina ManzariFabienne VertèRaffaella Di CagnoGraziano PesoleMaria De AngelisMarco Gobbetti,2022,https://link.springer.com/article/10.1186/s40168-022-01301-3,Article
Composting of recovered rock wool from hydroponics for the production of soil amendment,Environmental Science and Pollution Research,,,,10.1007/s11356-024-33041-2,Darja IsteničFranja ProsencNeva ZupancMatejka TurelAndrej HolobarRadmila MilačičStefan MarkovićRok Mihelič,2024,https://link.springer.com/article/10.1007/s11356-024-33041-2,Article
Next Generation Cloud Architectures,The Cloud-to-Thing Continuum,,,,10.1007/978-3-030-41110-7_2,Konstantinos M. GiannoutakisMinas Spanopoulos-KaralexidisChristos K. Filelis PapadopoulosDimitrios Tzovaras,2020,https://link.springer.com/chapter/10.1007/978-3-030-41110-7_2,Chapter
Cultivating a Space for Learning: A Study of Note-Taking and Sharing on a Video-Sharing Platform Bilibili,Computer Supported Cooperative Work (CSCW),,,,10.1007/s10606-025-09511-7,Fangyu YuXianghua Sharon DingPeng ZhangTun LuNing Gu,2025,https://link.springer.com/article/10.1007/s10606-025-09511-7,Article
"Assessing surface water quality in Hungary’s Danube basin using geochemical modeling, multivariate analysis, irrigation indices, and Monte Carlo simulation",Scientific Reports,,,,10.1038/s41598-024-69312-8,Omar SaeedAndrás SzékácsGyőző JordánMária MörtlMostafa R. AbukhadraAhmed M. El-SherbeenyPéter SzűcsMohamed Hamdy Eid,2024,https://link.springer.com/article/10.1038/s41598-024-69312-8,Article
The use of blackcurrant pomace and erythritol to optimise the functional properties of shortbread cookies,Scientific Reports,,,,10.1038/s41598-024-54461-7,Ewa RaczkowskaAneta WojdyłoPaulina Nowicka,2024,https://link.springer.com/article/10.1038/s41598-024-54461-7,Article
Investigating the role of bulk and nano nickel in amelioration of morphophysiology and photosynthetic activity of <i>Triticum aestivum</i> L.,Scientific Reports,,,,10.1038/s41598-025-98964-3,Samina BibiSiraj UddinMuhammad AnasMinhas ElahiJaved IqbalShoaib KhanMahboobeh MahmoodiMohsin KaziFars K. AlanaziUmar Masood Quraishi,2025,https://link.springer.com/article/10.1038/s41598-025-98964-3,Article
Women’s empowerment and gender equality in agricultural value chains: evidence from four countries in Asia and Africa,Food Security,,,,10.1007/s12571-021-01193-5,Agnes QuisumbingJessica HeckertSimone FaasGayathri RamaniKalyani RaghunathanHazel MalapitHazel MalapitJessica HeckertSarah EisslerSimone FaasElena MartinezEmily MyersAudrey PereiraAgnes QuisumbingCatherine RagasaKalyani RaghunathanDeborah RubinGreg Seymour,2021,https://link.springer.com/article/10.1007/s12571-021-01193-5,Article
Sustainable application of novel herbs on cotton fabrics as biomordants and colourants,Environmental Science and Pollution Research,,,,10.1007/s11356-022-18818-7,Alka Madhukar ThakkerDanmei Sun,2022,https://link.springer.com/article/10.1007/s11356-022-18818-7,Article
Accessory enzymes of hypercellulolytic <i>Penicillium funiculosum</i> facilitate complete saccharification of sugarcane bagasse,Biotechnology for Biofuels,,,,10.1186/s13068-021-02020-x,Olusola A. OgunyewoPooja UpadhyayGirish H. RajacharyaOmoaruemike E. OkerekeLaura FaasLeonardo D. GómezSimon J. McQueen-MasonSyed Shams Yazdani,2021,https://link.springer.com/article/10.1186/s13068-021-02020-x,Article
"Occurrence of heavy metals in fish species, water and sediments of the Pasur River in Bangladesh along with assessments of ecological and human health risks",Discover Environment,,,,10.1007/s44274-025-00238-2,Evena Parvin LipyMd. Tazinur RahmanSadia IslamMohammad RaknuzzamanMd. Monirul IslamSamina AkhterDipa IslamMustafizur Rahman NaimMohammad MoniruzzamanAnindita BiswasMahmuda HakimChadni Lyzu,2025,https://link.springer.com/article/10.1007/s44274-025-00238-2,Article
"Achievements, challenges, and future prospects for industrialization of perovskite solar cells",Light: Science & Applications,,,,10.1038/s41377-024-01461-x,Chuang YangWenjing HuJiale LiuChuanzhou HanQiaojiao GaoAnyi MeiYinhua ZhouFengwan GuoHongwei Han,2024,https://link.springer.com/article/10.1038/s41377-024-01461-x,Article
Construction of fatty acid derivatives from rubber seed oil as α-glucosidase inhibitors based on rubber seed oil,Bioresources and Bioprocessing,,,,10.1186/s40643-022-00492-9,Jiahao LiuRenwei ZhangKaili NieChangsheng LiuLi DengFang Wang,2022,https://link.springer.com/article/10.1186/s40643-022-00492-9,Article
Public transcriptome database-based selection and validation of reliable reference genes for breast cancer research,BioMedical Engineering OnLine,,,,10.1186/s12938-021-00963-8,Qiang SongLu DouWenjin ZhangYang PengMan HuangMengyuan Wang,2021,https://link.springer.com/article/10.1186/s12938-021-00963-8,Article
A chronological study of gunshot residue (GSR) detection techniques: a narrative review,Egyptian Journal of Forensic Sciences,,,,10.1186/s41935-023-00369-8,Sreelakshmi KrishnaPooja Ahuja,2023,https://link.springer.com/article/10.1186/s41935-023-00369-8,Article
"Assessment of Metallic Content, Pollution, and Sources of Road Dust in the City of Białystok (Poland)",Aerosol and Air Quality Research,,,,10.4209/aaqr.2019.10.0518,Mirosław SkorbiłowiczElżbieta SkorbiłowiczWojciech Łapiński,2020,https://link.springer.com/article/10.4209/aaqr.2019.10.0518,Article
Understanding Trust and Cloud Computing: An Integrated Framework for Assurance and Accountability in the Cloud,Data Privacy and Trust in Cloud Computing,,,,10.1007/978-3-030-54660-1_1,Theo LynnLisa van der WerffGrace Fox,2021,https://link.springer.com/chapter/10.1007/978-3-030-54660-1_1,Chapter
Democratic Practices and Political Dynamics of Intra-Group Policy Formation in the European Parliament,European Parliament’s Political Groups in Turbulent Times,,,,10.1007/978-3-030-94012-6_4,Anna ElomäkiBarbara GawedaValentine Berthet,2022,https://link.springer.com/chapter/10.1007/978-3-030-94012-6_4,Chapter
Carbon nanomaterial-based membranes in solid-phase extraction,Microchimica Acta,,,,10.1007/s00604-023-05741-y,Chiara Dal BoscoMassimo Giuseppe De CesarisNina FelliElena LucciSalvatore FanaliAlessandra Gentili,2023,https://link.springer.com/article/10.1007/s00604-023-05741-y,Article
Ultrasound-assisted dispersive micro-solid phase extraction using molybdenum disulfide supported on reduced graphene oxide for energy dispersive X-ray fluorescence spectrometric determination of chromium species in water,Microchimica Acta,,,,10.1007/s00604-020-04476-4,Katarzyna PytlakowskaKarina KocotMichał PilchMaciej Zubko,2020,https://link.springer.com/article/10.1007/s00604-020-04476-4,Article
Nitrogen dynamics after two years of elevated CO<sub>2</sub> in phosphorus limited <i>Eucalyptus</i> woodland,Biogeochemistry,,,,10.1007/s10533-020-00699-y,Louise C. AndresenYolima CarrilloCatriona A. MacdonaldLaura Castañeda-GómezSamuel BodéTobias Rütting,2020,https://link.springer.com/article/10.1007/s10533-020-00699-y,Article
Modeling and simulation of smart grid-aware edge computing federations,Cluster Computing,,,,10.1007/s10586-022-03797-8,Román CárdenasPatricia ArrobaJosé L. Risco-MartínJosé M. Moya,2022,https://link.springer.com/article/10.1007/s10586-022-03797-8,Article
Genomic predictions and genome-wide association studies based on RAD-seq of quality-related metabolites for the genomics-assisted breeding of tea plants,Scientific Reports,,,,10.1038/s41598-020-74623-7,Hiroto YamashitaTomoki UchidaYasuno TanakaHideyuki KataiAtsushi J. NaganoAkio MoritaTakashi Ikka,2020,https://link.springer.com/article/10.1038/s41598-020-74623-7,Article
Vouw: Geometric Pattern Mining Using the MDL Principle,Advances in Intelligent Data Analysis XVIII,,,,10.1007/978-3-030-44584-3_13,Micky FaasMatthijs van Leeuwen,2020,https://link.springer.com/chapter/10.1007/978-3-030-44584-3_13,Conference paper
The importance of time and other determinants in the assessment of heavy metals release during solid waste management,Scientific Reports,,,,10.1038/s41598-023-28926-0,Kamila MizernaAnna Król,2023,https://link.springer.com/article/10.1038/s41598-023-28926-0,Article
"Sensory, structural breakdown, microstructure, salt release properties, and shelf life of salt-coated air-dried yellow alkaline noodles",npj Science of Food,,,,10.1038/s41538-023-00183-5,Shin-Yong YeohHui-Ling TanLubowa MuhammadThuan-Chew TanMaizura MuradAzhar Mat Easa,2023,https://link.springer.com/article/10.1038/s41538-023-00183-5,Article
Conjugation of VEGFR1/R2-targeting peptide with gold nanoparticles to enhance antiangiogenic and antitumoral activity,Journal of Nanobiotechnology,,,,10.1186/s12951-021-01198-4,Pegah ZanjanchiS. Mohsen AsghariHassan MohabatkarMostafa ShourianMehdi Shafiee Ardestani,2022,https://link.springer.com/article/10.1186/s12951-021-01198-4,Article
The paradox of externally driven localisation: a case study on how local actors manage the contradictory legitimacy requirements of top-down bottom-up aid,Journal of International Humanitarian Action,,,,10.1186/s41018-023-00139-0,Femke Mulder,2023,https://link.springer.com/article/10.1186/s41018-023-00139-0,Article
Deep learning approach to security enforcement in cloud workflow orchestration,Journal of Cloud Computing,,,,10.1186/s13677-022-00387-2,Hadeel T. El-KassabiMohamed Adel SerhaniMohammad M. MasudKhaled ShuaibKhaled Khalil,2023,https://link.springer.com/article/10.1186/s13677-022-00387-2,Article
A method to create a synthetic population with social networks for geographically-explicit agent-based models,Computational Urban Science,,,,10.1007/s43762-022-00034-1,Na JiangAndrew T. CrooksHamdi KavakAnnetta BurgerWilliam G. Kennedy,2022,https://link.springer.com/article/10.1007/s43762-022-00034-1,Article
"Alginate-like polymers from full-scale aerobic granular sludge: content, recovery, characterization, and application for cadmium adsorption",Scientific Reports,,,,10.1038/s41598-022-26743-5,Agnieszka Cydzik-KwiatkowskaMariusz Z. GusiatinMagdalena ZielińskaIrena Wojnowska-BaryłaDorota KulikowskaKatarzyna Bernat,2022,https://link.springer.com/article/10.1038/s41598-022-26743-5,Article
Traceability of the geographical origin of <i>Siraitia grosvenorii</i> based on multielement contents coupled with chemometric techniques,Scientific Reports,,,,10.1038/s41598-021-00664-1,Xiao-Ping HuangLei LeiShun-Xin LeiWei-Wei ZhuJun Yan,2021,https://link.springer.com/article/10.1038/s41598-021-00664-1,Article
Research on anthracnose grade of <i>Camellia oleifera</i> based on the combined LIBS and THz technology,Plant Methods,,,,10.1186/s13007-022-00883-1,Li BinWang QiuZhan Chao-huiHan Zhao-yangYin HaiLiao JunLiu Yan-de,2022,https://link.springer.com/article/10.1186/s13007-022-00883-1,Article
Metabolic reprogramming of osteoclasts represents a therapeutic target during the treatment of osteoporosis,Scientific Reports,,,,10.1038/s41598-020-77892-4,Jule TaubmannBrenda KrishnacoumarChristina BöhmMaria FaasDorothea I. H. MüllerSusanne AdamCornelia StollMartin BöttcherDimitrios MougiakakosUwe SonnewaldJörg HofmannGeorg SchettGerhard KrönkeCarina Scholtysek,2020,https://link.springer.com/article/10.1038/s41598-020-77892-4,Article
Assessment of biotoxicity of three types of landfilled foundry waste on the basis of dehydrogenase activity,Environmental Monitoring and Assessment,,,,10.1007/s10661-022-10320-4,Marta Bożym,2022,https://link.springer.com/article/10.1007/s10661-022-10320-4,Article
An overview on the use of operations research in additive manufacturing,Annals of Operations Research,,,,10.1007/s10479-022-05040-4,Jose M. FraminanPaz Perez-GonzalezVictor Fernandez-Viagas,2022,https://link.springer.com/article/10.1007/s10479-022-05040-4,Article
SODALITE@RT: Orchestrating Applications on Cloud-Edge Infrastructures,Journal of Grid Computing,,,,10.1007/s10723-021-09572-0,Indika KumaraPaul MundtKamil TokmakovDragan RadolovićAlexander MaslennikovRomán Sosa GonzálezJorge Fernández FabeiroGiovanni QuattrocchiKalman MethElisabetta Di NittoDamian A. TamburriWillem-Jan Van Den HeuvelGeorgios Meditskos,2021,https://link.springer.com/article/10.1007/s10723-021-09572-0,Article
Preselection of a sorption model based on a column test: the algorithm and an example of its application,Hydrogeology Journal,,,,10.1007/s10040-021-02338-8,Marek MarciniakMonika OkońskaMariusz Kaczmarek,2021,https://link.springer.com/article/10.1007/s10040-021-02338-8,Article
Proactive Maintenance Strategy Based on Resilience Empowerment for Complex Buildings,New Metropolitan Perspectives,,,,10.1007/978-3-030-52869-0_21,Francesco RotaMaria Cinzia Luisa TalamoGiancarlo Paganin,2020,https://link.springer.com/chapter/10.1007/978-3-030-52869-0_21,Conference paper
"Different dietary starch sources alter the carcass traits, meat quality, and the profile of muscle amino acid and fatty acid in finishing pigs",Journal of Animal Science and Biotechnology,,,,10.1186/s40104-020-00484-9,Miao YuZhenming LiTing RongGang WangZhichang LiuWeidong ChenJiazhou LiJianhao LiXianyong Ma,2020,https://link.springer.com/article/10.1186/s40104-020-00484-9,Article
Dynamic resource provisioning for cyber-physical systems in cloud-fog-edge computing,Journal of Cloud Computing,,,,10.1186/s13677-020-00181-y,Zhanyang XuYanqi ZhangHaoyuan LiWeijing YangQuan Qi,2020,https://link.springer.com/article/10.1186/s13677-020-00181-y,Article
Colour-assisted variation in elytral ICP-OES-based ionomics in an aposematic beetle,Scientific Reports,,,,10.1038/s41598-020-79329-4,Grzegorz OrłowskiPrzemysław NiedzielskiJerzy KargJędrzej Proch,2020,https://link.springer.com/article/10.1038/s41598-020-79329-4,Article
Effects of exercise therapy in patients with acute low back pain: a systematic review of systematic reviews,Systematic Reviews,,,,10.1186/s13643-020-01412-8,Marc KarlssonAnna BergenheimMaria E. H. LarssonLena NordemanMaurits van TulderSusanne Bernhardsson,2020,https://link.springer.com/article/10.1186/s13643-020-01412-8,Article
A novel and facile green synthesis method to prepare LDH/MOF nanocomposite for removal of Cd(II) and Pb(II),Scientific Reports,,,,10.1038/s41598-021-81095-w,Roozbeh SoltaniRasool PelalakMahboubeh PishnamaziAzam MarjaniAhmad B. AlbadarinShaheen M. SarkarSaeed Shirazian,2021,https://link.springer.com/article/10.1038/s41598-021-81095-w,Article
Measuring the Business Value of Infrastructure Migration to the Cloud,Measuring the Business Value of Cloud Computing,,,,10.1007/978-3-030-43198-3_2,Pierangelo RosatiTheo Lynn,2020,https://link.springer.com/chapter/10.1007/978-3-030-43198-3_2,Chapter
Quantitative extraction of chromium VI and III from tanned leather: a comparative study of pretreatment methods,Journal of Leather Science and Engineering,,,,10.1186/s42825-021-00071-2,Mónica Gisel Arellano-SánchezChristine Devouge-BoyerMarie Hubert-RouxCarlos AfonsoMélanie Mignot,2021,https://link.springer.com/article/10.1186/s42825-021-00071-2,Article
Characterization of genetic variants of <i>GIPR</i> reveals a contribution of β-arrestin to metabolic phenotypes,Nature Metabolism,,,,10.1038/s42255-024-01061-4,Hüsün S. KizilkayaKimmie V. SørensenJakob S. MadsenPeter LindquistJonathan D. DourosJette Bork-JensenAlessandro BerghellaPeter A. GerlachLærke S. GasbjergJacek MokrosińskiStephanie A. MoweryPatrick J. KnerrBrian FinanJonathan E. CampbellDavid A. D’AlessioDiego Perez-TilveFelix FaasSigne MathiasenJørgen RungbyHenrik T. SørensenAllan VaagJens S. NielsenJens-Christian HolmJeannet LauenborgPeter DammOluf PedersenAllan LinnebergBolette HartmannJens J. HolstTorben HansenShane C. WrightVolker M. LauschkeNiels GrarupAlexander S. HauserMette M. Rosenkilde,2024,https://link.springer.com/article/10.1038/s42255-024-01061-4,Article
Identification of loci controlling mineral element concentration in soybean seeds,BMC Plant Biology,,,,10.1186/s12870-020-02631-w,Sidiki MalleMalcolm MorrisonFrançois Belzile,2020,https://link.springer.com/article/10.1186/s12870-020-02631-w,Article
"Effect of fermentation of chosen vegetables on the nutrient, mineral, and biocomponent profile in human and animal nutrition",Scientific Reports,,,,10.1038/s41598-022-17782-z,Piotr KiczorowskiBożena KiczorowskaWioletta SamolińskaMarek SzmigielskiAnna Winiarska-Mieczan,2022,https://link.springer.com/article/10.1038/s41598-022-17782-z,Article
Effects of soil amendments on leaf anatomical characteristics of marigolds cultivated in cadmium-spiked soils,Scientific Reports,,,,10.1038/s41598-021-95467-9,Alapha ThongchaiWeeradej MeeinkuirtPuntaree TaeprayoonIsma-ae Chelong,2021,https://link.springer.com/article/10.1038/s41598-021-95467-9,Article
A simple microscopy setup for visualizing cellular responses to DNA damage at particle accelerator facilities,Scientific Reports,,,,10.1038/s41598-021-92950-1,Haibin QianRon A. HoebeMichel R. FaasMarc Jan van GoethemEmiel R. van der GraafChristoph MeyerHarry KiewietSytze BrandenburgPrzemek M. Krawczyk,2021,https://link.springer.com/article/10.1038/s41598-021-92950-1,Article
Uptake of potentially toxic elements by edible plants in experimental mining Technosols: preliminary assessment,Environmental Geochemistry and Health,,,,10.1007/s10653-021-01091-x,María José Martínez-SánchezCarmen Pérez-SirventSalvadora Martínez-LopezMari Luz García-LorenzoInes AgudoLucia Belen Martínez-MartínezCarmen Hernández-PérezJaume Bech,2021,https://link.springer.com/article/10.1007/s10653-021-01091-x,Article
"Analytical characterization of trace elements (zinc, copper, cadmium, lead and selenium) in saliva of pigs under common pathological conditions in the field: a pilot study",BMC Veterinary Research,,,,10.1186/s12917-020-2245-6,Jorge SánchezMiguel MontillaCándido Gutiérrez-PanizoJuan SotilloPablo FuentesAna MontesAna María Gutiérrez,2020,https://link.springer.com/article/10.1186/s12917-020-2245-6,Article
The minimum description length principle for pattern mining: a survey,Data Mining and Knowledge Discovery,,,,10.1007/s10618-022-00846-z,Esther Galbrun,2022,https://link.springer.com/article/10.1007/s10618-022-00846-z,Article
Layer-by-Layer Assembly of Electroactive Dye/LDHs Nanoplatelet Matrix Film for Advanced Dual Electro-optical Sensing Applications,Nanoscale Research Letters,,,,10.1186/s11671-020-03442-6,Sepehr Lajevardi EsfahaniShohre RouhaniZahra Ranjbar,2020,https://link.springer.com/article/10.1186/s11671-020-03442-6,Article
Leachate and contact test with <i>Lepidium sativum</i> L. to assess the phytotoxicity of waste,International Journal of Environmental Science and Technology,,,,10.1007/s13762-020-02980-x,M. BożymA. KrólK. Mizerna,2020,https://link.springer.com/article/10.1007/s13762-020-02980-x,Article
Modular Test Kit – A Modular Approach for Efficient and Function-Oriented Testing,Journal of Electronic Testing,,,,10.1007/s10836-023-06063-w,Benedikt JooßDieter Schramm,2023,https://link.springer.com/article/10.1007/s10836-023-06063-w,Article
Dietary <i>Enteromorpha</i> polysaccharide<i>-</i>Zn supplementation regulates amino acid and fatty acid metabolism by improving the antioxidant activity in chicken,Journal of Animal Science and Biotechnology,,,,10.1186/s40104-021-00648-1,Teketay WassieXinyi DuanChunyan XieRuxia WangXin Wu,2022,https://link.springer.com/article/10.1186/s40104-021-00648-1,Article
Treatment of the railway freight wagon wash effluents by coagulation methods on accelator reactor,Journal of Environmental Health Science and Engineering,,,,10.1007/s40201-021-00695-w,Sławomir ŻakTerese Rauckyte-Żak,2021,https://link.springer.com/article/10.1007/s40201-021-00695-w,Article
Mindfulness for Global Public Health: Critical Analysis and Agenda,Mindfulness,,,,10.1007/s12671-023-02089-5,Doug Oman,2023,https://link.springer.com/article/10.1007/s12671-023-02089-5,Article
Remarkable metabolic reorganization and altered metabolic requirements in frog metamorphic climax,Frontiers in Zoology,,,,10.1186/s12983-020-00378-6,Wei ZhuLiming ChangTian ZhaoBin WangJianping Jiang,2020,https://link.springer.com/article/10.1186/s12983-020-00378-6,Article
Impact of Foliar Application of Various Forms of Silicon on the Chemical Composition of Sugar Beet Plants,Sugar Tech,,,,10.1007/s12355-020-00918-8,Arkadiusz ArtyszakMałgorzata KondrackaDariusz GozdowskiAlicja SiudaMagda Litwińczuk-Bis,2021,https://link.springer.com/article/10.1007/s12355-020-00918-8,Article
Real-time edge framework (RTEF): task scheduling and realisation,Journal of Intelligent Manufacturing,,,,10.1007/s10845-021-01760-9,Volkan GezerAchim Wagner,2021,https://link.springer.com/article/10.1007/s10845-021-01760-9,Article
Acclimatization of photosynthetic apparatus and antioxidant metabolism to excess soil cadmium in <i>Buddleja</i> spp.,Scientific Reports,,,,10.1038/s41598-020-78593-8,Weichang GongBruce L. DunnYaqing ChenYunmei Shen,2020,https://link.springer.com/article/10.1038/s41598-020-78593-8,Article
"Child acceptability of a novel provitamin A carotenoid, iron and zinc-rich complementary food blend prepared from pumpkin and common bean in Uganda: a randomised control trial",BMC Pediatrics,,,,10.1186/s12887-020-02326-z,Edward BuzigiKirthee PillayMuthulisi Siwela,2020,https://link.springer.com/article/10.1186/s12887-020-02326-z,Article
Intelligent and Resource-Conserving Service Function Chain (SFC) Embedding,Journal of Network and Systems Management,,,,10.1007/s10922-023-09771-y,Panteleimon RodisPanagiotis Papadimitriou,2023,https://link.springer.com/article/10.1007/s10922-023-09771-y,Article
Accurate and rapid discrimination of cigarette and household decoration material ash residues by negative chemical ionization TOFMS via acid-enhanced evaporation,Scientific Reports,,,,10.1038/s41598-020-62814-1,Shujun LiuYuanyuan XieXiming Song,2020,https://link.springer.com/article/10.1038/s41598-020-62814-1,Article
"Gender-related responses of dioecious plant <i>Populus cathayana</i> to AMF, drought and planting pattern",Scientific Reports,,,,10.1038/s41598-020-68112-0,Zhen LiNa WuTing LiuMing TangHui Chen,2020,https://link.springer.com/article/10.1038/s41598-020-68112-0,Article
Speciation of chromium in waters using dispersive micro-solid phase extraction with magnetic ferrite and graphite furnace atomic absorption spectrometry,Scientific Reports,,,,10.1038/s41598-020-62212-7,Ignacio López-GarcíaJuan José Marín-HernándezManuel Hernández-Córdoba,2020,https://link.springer.com/article/10.1038/s41598-020-62212-7,Article
Energy-efficient hierarchical routing in wireless sensor networks based on fog computing,EURASIP Journal on Wireless Communications and Networking,,,,10.1186/s13638-020-01835-w,Ademola Philip AbidoyeBoniface Kabaso,2021,https://link.springer.com/article/10.1186/s13638-020-01835-w,Article
Pricing cloud IaaS computing services,Journal of Cloud Computing,,,,10.1186/s13677-020-00161-2,Nicola Dimitri,2020,https://link.springer.com/article/10.1186/s13677-020-00161-2,Article
An Autonomous Cybersecurity Framework for Next-generation Digital Service Chains,Journal of Network and Systems Management,,,,10.1007/s10922-021-09607-7,Matteo RepettoDomenico StriccoliGiuseppe PiroAlessandro CarregaGennaro BoggiaRaffaele Bolla,2021,https://link.springer.com/article/10.1007/s10922-021-09607-7,Article
Mid and long-term ecological impacts of ski run construction on alpine ecosystems,Scientific Reports,,,,10.1038/s41598-020-67341-7,Csilla HudekElena BarniSilvia StanchiMichele D’AmicoEmanuele PintaldiMichele Freppaz,2020,https://link.springer.com/article/10.1038/s41598-020-67341-7,Article
Multiple heavy metal tolerance and removal by an earthworm gut fungus <i>Trichoderma brevicompactum</i> QYCD-6,Scientific Reports,,,,10.1038/s41598-020-63813-y,Ding ZhangCaiping YinNaeem AbbasZhenchuan MaoYinglao Zhang,2020,https://link.springer.com/article/10.1038/s41598-020-63813-y,Article
Nanoremediation of As and metals polluted soils by means of graphene oxide nanoparticles,Scientific Reports,,,,10.1038/s41598-020-58852-4,Diego BaragañoRubén ForjánLorena WelteJosé Luis R. Gallego,2020,https://link.springer.com/article/10.1038/s41598-020-58852-4,Article
Hierarchical multi-shell hollow micro–meso–macroporous silica for Cr(VI) adsorption,Scientific Reports,,,,10.1038/s41598-020-66540-6,Roozbeh SoltaniAzam MarjaniReza SoltaniSaeed Shirazian,2020,https://link.springer.com/article/10.1038/s41598-020-66540-6,Article
Energy and nitrogenous waste from glutamate/glutamine catabolism facilitates acute osmotic adjustment in non-neuroectodermal branchial cells,Scientific Reports,,,,10.1038/s41598-020-65913-1,Pei-Chen HuangTzu-Yen LiuMarian Y. HuIsabel CastiesYung-Che Tseng,2020,https://link.springer.com/article/10.1038/s41598-020-65913-1,Article
Overweight &amp; obese Australian adults and micronutrient deficiency,BMC Nutrition,,,,10.1186/s40795-020-00336-9,Jenny McKaySuleen HoMonica JaneSebely Pal,2020,https://link.springer.com/article/10.1186/s40795-020-00336-9,Article
"Evaluation of the Swat River, Northern Pakistan, water quality using multivariate statistical techniques and water quality index (WQI) model",Environmental Science and Pollution Research,,,,10.1007/s11356-020-09688-y,Shah JehanIhsan UllahSardar KhanSaid MuhammadSeema Anjum KhattakTariq Khan,2020,https://link.springer.com/article/10.1007/s11356-020-09688-y,Article
Disentangling barrier effects of transport infrastructure: synthesising research for the practice of impact assessment,European Transport Research Review,,,,10.1186/s12544-021-00517-y,Job van EldijkJorge GilLars Marcus,2022,https://link.springer.com/article/10.1186/s12544-021-00517-y,Article
The pollution indices of trace elements in soils and plants close to the copper and zinc smelting works in Poland’s Lower Silesia,Environmental Science and Pollution Research,,,,10.1007/s11356-020-08072-0,Anna HołtraDorota Zamorska-Wojdyła,2020,https://link.springer.com/article/10.1007/s11356-020-08072-0,Article
"Combined use of companion planting and PGPR for the assisted phytoextraction of trace metals (Zn, Pb, Cd)",Environmental Science and Pollution Research,,,,10.1007/s11356-020-07885-3,Agnieszka KonkolewskaAneta PiechalakLiliana CiszewskaNina Antos-KrzemińskaTomasz SkrzypczakAnetta HanćKrzysztof SitkoEugeniusz MałkowskiDanuta BarałkiewiczArleta Małecka,2020,https://link.springer.com/article/10.1007/s11356-020-07885-3,Article